,Name,Location,Magnitude,URL
627,M 7.1 - 2025 Southern Tibetan Plateau Earthquake,2025 Southern Tibetan Plateau Earthquake,7.1,https://earthquake.usgs.gov/earthquakes/eventpage/us6000pi9w
972,"M 6.2 - 50 km SSE of La Libertad, El Salvador","50 km SSE of La Libertad, El Salvador",6.2,https://earthquake.usgs.gov/earthquakes/eventpage/us6000pi09
1699,"M 6.1 - 84 km NNW of Calama, Chile","84 km NNW of Calama, Chile",6.1,https://earthquake.usgs.gov/earthquakes/eventpage/us6000phap
15,"M 5.8 - 9 km E of Acajutla, El Salvador","9 km E of Acajutla, El Salvador",5.8,https://earthquake.usgs.gov/earthquakes/eventpage/us6000pixh
1366,"M 5.7 - 54 km N of Āwash, Ethiopia","54 km N of Āwash, Ethiopia",5.7,https://earthquake.usgs.gov/earthquakes/eventpage/us6000phrk
306,"M 5.7 - Southern Qinghai, China","Southern Qinghai, China",5.7,https://earthquake.usgs.gov/earthquakes/eventpage/us6000pijd
524,"M 5.6 - Izu Islands, Japan region","Izu Islands, Japan region",5.6,https://earthquake.usgs.gov/earthquakes/eventpage/us6000pida
1456,"M 5.5 - 44 km NE of Āwash, Ethiopia","44 km NE of Āwash, Ethiopia",5.5,https://earthquake.usgs.gov/earthquakes/eventpage/us6000phnz
1629,M 5.5 - South Sandwich Islands region,South Sandwich Islands region,5.5,https://earthquake.usgs.gov/earthquakes/eventpage/us6000phce
1637,"M 5.4 - 62 km NW of Rabaul, Papua New Guinea","62 km NW of Rabaul, Papua New Guinea",5.4,https://earthquake.usgs.gov/earthquakes/eventpage/us6000phc9
1149,"M 5.3 - 8 km E of Lakatoro, Vanuatu","8 km E of Lakatoro, Vanuatu",5.3,https://earthquake.usgs.gov/earthquakes/eventpage/us6000phws
970,"M 5.3 - 72 km NW of Rabaul, Papua New Guinea","72 km NW of Rabaul, Papua New Guinea",5.3,https://earthquake.usgs.gov/earthquakes/eventpage/us6000pi0k
175,M 5.3 - Drake Passage,Drake Passage,5.3,https://earthquake.usgs.gov/earthquakes/eventpage/us6000piqu
372,"M 5.3 - 25 km NNE of Āwash, Ethiopia","25 km NNE of Āwash, Ethiopia",5.3,https://earthquake.usgs.gov/earthquakes/eventpage/us6000pihw
445,"M 5.3 - Volcano Islands, Japan region","Volcano Islands, Japan region",5.3,https://earthquake.usgs.gov/earthquakes/eventpage/us6000pife
704,"M 5.2 - 79 km NW of Mohr, Iran","79 km NW of Mohr, Iran",5.2,https://earthquake.usgs.gov/earthquakes/eventpage/us6000pi7c
891,"M 5.2 - 33 km S of Kirakira, Solomon Islands","33 km S of Kirakira, Solomon Islands",5.2,https://earthquake.usgs.gov/earthquakes/eventpage/us6000pi39
1473,"M 5.2 - 32 km N of Metahāra, Ethiopia","32 km N of Metahāra, Ethiopia",5.2,https://earthquake.usgs.gov/earthquakes/eventpage/us6000phl5
719,M 5.2 - Tibetan Plateau,Tibetan Plateau,5.2,https://earthquake.usgs.gov/earthquakes/eventpage/us6000pi67
449,M 5.2 - Mid-Indian Ridge,Mid-Indian Ridge,5.2,https://earthquake.usgs.gov/earthquakes/eventpage/us6000pifb
1043,"M 5.1 - 46 km ENE of Pondaguitan, Philippines","46 km ENE of Pondaguitan, Philippines",5.1,https://earthquake.usgs.gov/earthquakes/eventpage/us6000phz2
625,M 5.1 - Southern Tibetan Plateau,Southern Tibetan Plateau,5.1,https://earthquake.usgs.gov/earthquakes/eventpage/us6000pia7
1385,M 5.0 - Southwest Indian Ridge,Southwest Indian Ridge,5.0,https://earthquake.usgs.gov/earthquakes/eventpage/us6000phr5
597,"M 5.0 - 21 km WNW of Imabetsu, Japan","21 km WNW of Imabetsu, Japan",5.0,https://earthquake.usgs.gov/earthquakes/eventpage/us6000pibm
246,M 5.0 - Reykjanes Ridge,Reykjanes Ridge,5.0,https://earthquake.usgs.gov/earthquakes/eventpage/us6000piks
1691,"M 5.0 - 63 km NNE of Āwash, Ethiopia","63 km NNE of Āwash, Ethiopia",5.0,https://earthquake.usgs.gov/earthquakes/eventpage/us6000phb3
1165,"M 5.0 - 31 km N of Āwash, Ethiopia","31 km N of Āwash, Ethiopia",5.0,https://earthquake.usgs.gov/earthquakes/eventpage/us6000phw1
1593,"M 5.0 - 128 km SE of Phek, India","128 km SE of Phek, India",5.0,https://earthquake.usgs.gov/earthquakes/eventpage/us6000phdf
622,M 5.0 - Southern Tibetan Plateau,Southern Tibetan Plateau,5.0,https://earthquake.usgs.gov/earthquakes/eventpage/us6000piak
707,"M 5.0 - 105 km E of Hasaki, Japan","105 km E of Hasaki, Japan",5.0,https://earthquake.usgs.gov/earthquakes/eventpage/us6000pi7a
656,"M 5.0 - 44 km WSW of Port-Vila, Vanuatu","44 km WSW of Port-Vila, Vanuatu",5.0,https://earthquake.usgs.gov/earthquakes/eventpage/us6000pi8v
440,"M 5.0 - 27 km NNW of Komodo, Indonesia","27 km NNW of Komodo, Indonesia",5.0,https://earthquake.usgs.gov/earthquakes/eventpage/us6000pifl
1010,"M 4.9 - 244 km SE of Katsuura, Japan","244 km SE of Katsuura, Japan",4.9,https://earthquake.usgs.gov/earthquakes/eventpage/us6000phzr
776,"M 4.9 - 13 km NNW of Kyparissía, Greece","13 km NNW of Kyparissía, Greece",4.9,https://earthquake.usgs.gov/earthquakes/eventpage/us6000pi50
616,M 4.9 - Southern Tibetan Plateau,Southern Tibetan Plateau,4.9,https://earthquake.usgs.gov/earthquakes/eventpage/us6000piav
1195,"M 4.9 - 52 km SSE of Metahāra, Ethiopia","52 km SSE of Metahāra, Ethiopia",4.9,https://earthquake.usgs.gov/earthquakes/eventpage/us6000phvc
448,M 4.9 - Mid-Indian Ridge,Mid-Indian Ridge,4.9,https://earthquake.usgs.gov/earthquakes/eventpage/us6000pifs
570,M 4.9 - Fiji region,Fiji region,4.9,https://earthquake.usgs.gov/earthquakes/eventpage/us6000pic9
525,"M 4.9 - 10 km NNW of Metahāra, Ethiopia","10 km NNW of Metahāra, Ethiopia",4.9,https://earthquake.usgs.gov/earthquakes/eventpage/us6000pidb
264,"M 4.9 - 182 km SE of Gizo, Solomon Islands","182 km SE of Gizo, Solomon Islands",4.9,https://earthquake.usgs.gov/earthquakes/eventpage/us6000pikd
518,"M 4.9 - 133 km SE of Neiafu, Tonga","133 km SE of Neiafu, Tonga",4.9,https://earthquake.usgs.gov/earthquakes/eventpage/us6000pidi
673,"M 4.9 - 76 km SSW of Fīrūzābād, Iran","76 km SSW of Fīrūzābād, Iran",4.9,https://earthquake.usgs.gov/earthquakes/eventpage/us6000pi8c
618,M 4.9 - Southern Tibetan Plateau,Southern Tibetan Plateau,4.9,https://earthquake.usgs.gov/earthquakes/eventpage/us6000piar
168,"M 4.9 - 23 km N of Āwash, Ethiopia","23 km N of Āwash, Ethiopia",4.9,https://earthquake.usgs.gov/earthquakes/eventpage/us6000pir6
1312,M 4.9 - northern Mid-Atlantic Ridge,northern Mid-Atlantic Ridge,4.9,https://earthquake.usgs.gov/earthquakes/eventpage/us6000pht5
62,M 4.9 - west of Macquarie Island,west of Macquarie Island,4.9,https://earthquake.usgs.gov/earthquakes/eventpage/us6000piv5
746,"M 4.8 - 289 km ENE of Lospalos, Timor Leste","289 km ENE of Lospalos, Timor Leste",4.8,https://earthquake.usgs.gov/earthquakes/eventpage/us6000pi5h
605,M 4.8 - Tibetan Plateau,Tibetan Plateau,4.8,https://earthquake.usgs.gov/earthquakes/eventpage/us6000piba
337,M 4.8 - Southern Tibetan Plateau,Southern Tibetan Plateau,4.8,https://earthquake.usgs.gov/earthquakes/eventpage/us6000piij
702,"M 4.8 - 77 km SSW of Fīrūzābād, Iran","77 km SSW of Fīrūzābād, Iran",4.8,https://earthquake.usgs.gov/earthquakes/eventpage/us6000pi7n
621,M 4.8 - Southern Tibetan Plateau,Southern Tibetan Plateau,4.8,https://earthquake.usgs.gov/earthquakes/eventpage/us6000piap
1116,"M 4.8 - 117 km SSE of Hihifo, Tonga","117 km SSE of Hihifo, Tonga",4.8,https://earthquake.usgs.gov/earthquakes/eventpage/us6000phxq
1091,M 4.8 - Fiji region,Fiji region,4.8,https://earthquake.usgs.gov/earthquakes/eventpage/us6000phy6
931,"M 4.8 - 137 km ENE of Fangale’ounga, Tonga","137 km ENE of Fangale’ounga, Tonga",4.8,https://earthquake.usgs.gov/earthquakes/eventpage/us6000pi1x
1093,"M 4.8 - 21 km NW of Port-Vila, Vanuatu","21 km NW of Port-Vila, Vanuatu",4.8,https://earthquake.usgs.gov/earthquakes/eventpage/us6000phy5
1471,"M 4.8 - 94 km SSW of Pagar Alam, Indonesia","94 km SSW of Pagar Alam, Indonesia",4.8,https://earthquake.usgs.gov/earthquakes/eventpage/us6000phl7
1464,"M 4.7 - Kermadec Islands, New Zealand","Kermadec Islands, New Zealand",4.7,https://earthquake.usgs.gov/earthquakes/eventpage/us6000phm8
1598,"M 4.7 - 258 km SE of Katsuura, Japan","258 km SE of Katsuura, Japan",4.7,https://earthquake.usgs.gov/earthquakes/eventpage/us6000phdc
1682,"M 4.7 - 16 km N of Āwash, Ethiopia","16 km N of Āwash, Ethiopia",4.7,https://earthquake.usgs.gov/earthquakes/eventpage/us6000phbi
1639,"M 4.7 - 13 km SSW of Āwash, Ethiopia","13 km SSW of Āwash, Ethiopia",4.7,https://earthquake.usgs.gov/earthquakes/eventpage/us6000phc7
1306,"M 4.7 - 17 km NW of Āwash, Ethiopia","17 km NW of Āwash, Ethiopia",4.7,https://earthquake.usgs.gov/earthquakes/eventpage/us6000phtf
1264,"M 4.7 - 10 km E of Āwash, Ethiopia","10 km E of Āwash, Ethiopia",4.7,https://earthquake.usgs.gov/earthquakes/eventpage/us6000phu8
133,"M 4.7 - 67 km SW of Port-Vila, Vanuatu","67 km SW of Port-Vila, Vanuatu",4.7,https://earthquake.usgs.gov/earthquakes/eventpage/us6000pisp
1248,M 4.7 - Kuril Islands,Kuril Islands,4.7,https://earthquake.usgs.gov/earthquakes/eventpage/us6000phud
374,"M 4.7 - 24 km N of Āwash, Ethiopia","24 km N of Āwash, Ethiopia",4.7,https://earthquake.usgs.gov/earthquakes/eventpage/us6000pihu
185,M 4.7 - Reykjanes Ridge,Reykjanes Ridge,4.7,https://earthquake.usgs.gov/earthquakes/eventpage/us6000piqq
581,"M 4.7 - 76 km ESE of Palora, Ecuador","76 km ESE of Palora, Ecuador",4.7,https://earthquake.usgs.gov/earthquakes/eventpage/us6000pibx
313,"M 4.7 - Off the coast of Aisen, Chile","Off the coast of Aisen, Chile",4.7,https://earthquake.usgs.gov/earthquakes/eventpage/us6000pij7
13,"M 4.7 - 73 km W of Tobelo, Indonesia","73 km W of Tobelo, Indonesia",4.7,https://earthquake.usgs.gov/earthquakes/eventpage/us6000pixy
258,"M 4.7 - 89 km E of Mil’kovo, Russia","89 km E of Mil’kovo, Russia",4.7,https://earthquake.usgs.gov/earthquakes/eventpage/us6000pikk
1525,"M 4.6 - 66 km SSW of Ollagüe, Chile","66 km SSW of Ollagüe, Chile",4.6,https://earthquake.usgs.gov/earthquakes/eventpage/us6000phem
1693,"M 4.6 - 49 km S of Labuha, Indonesia","49 km S of Labuha, Indonesia",4.6,https://earthquake.usgs.gov/earthquakes/eventpage/us6000phaz
1145,"M 4.6 - 12 km ESE of Metahāra, Ethiopia","12 km ESE of Metahāra, Ethiopia",4.6,https://earthquake.usgs.gov/earthquakes/eventpage/us6000phwv
1292,"M 4.6 - 13 km E of Sipí, Colombia","13 km E of Sipí, Colombia",4.6,https://earthquake.usgs.gov/earthquakes/eventpage/us6000phtp
1450,"M 4.6 - 74 km NNE of Tobelo, Indonesia","74 km NNE of Tobelo, Indonesia",4.6,https://earthquake.usgs.gov/earthquakes/eventpage/us6000phpb
1301,"M 4.6 - 42 km E of Sīrē, Ethiopia","42 km E of Sīrē, Ethiopia",4.6,https://earthquake.usgs.gov/earthquakes/eventpage/us6000phtm
780,"M 4.6 - 35 km E of Nobeoka, Japan","35 km E of Nobeoka, Japan",4.6,https://earthquake.usgs.gov/earthquakes/eventpage/us6000pi4x
834,"M 4.6 - 258 km SE of Katsuura, Japan","258 km SE of Katsuura, Japan",4.6,https://earthquake.usgs.gov/earthquakes/eventpage/us6000pi3y
191,"M 4.6 - 38 km W of Mejillones, Chile","38 km W of Mejillones, Chile",4.6,https://earthquake.usgs.gov/earthquakes/eventpage/us6000piqd
516,"M 4.6 - 12 km ESE of Santa Monica, Philippines","12 km ESE of Santa Monica, Philippines",4.6,https://earthquake.usgs.gov/earthquakes/eventpage/us6000pidf
552,M 4.6 - Southern Tibetan Plateau,Southern Tibetan Plateau,4.6,https://earthquake.usgs.gov/earthquakes/eventpage/us6000pick
474,M 4.6 - Southern Tibetan Plateau,Southern Tibetan Plateau,4.6,https://earthquake.usgs.gov/earthquakes/eventpage/us6000pif0
427,M 4.6 - Southern Tibetan Plateau ,Southern Tibetan Plateau ,4.6,https://earthquake.usgs.gov/earthquakes/eventpage/us6000pigg
721,M 4.6 - south of the Fiji Islands,south of the Fiji Islands,4.6,https://earthquake.usgs.gov/earthquakes/eventpage/us6000pi65
186,"M 4.6 - 13 km WNW of Āwash, Ethiopia","13 km WNW of Āwash, Ethiopia",4.6,https://earthquake.usgs.gov/earthquakes/eventpage/us6000piql
657,"M 4.6 - 140 km WSW of Chimbote, Peru","140 km WSW of Chimbote, Peru",4.6,https://earthquake.usgs.gov/earthquakes/eventpage/us6000pi8s
1204,"M 4.6 - 27 km NNW of Āwash, Ethiopia","27 km NNW of Āwash, Ethiopia",4.6,https://earthquake.usgs.gov/earthquakes/eventpage/us6000phv2
612,M 4.6 - Southern Tibetan Plateau,Southern Tibetan Plateau,4.6,https://earthquake.usgs.gov/earthquakes/eventpage/us6000pib7
165,"M 4.6 - 36 km N of Metahāra, Ethiopia","36 km N of Metahāra, Ethiopia",4.6,https://earthquake.usgs.gov/earthquakes/eventpage/us6000pir9
588,"M 4.6 - 196 km SSE of Soe, Indonesia","196 km SSE of Soe, Indonesia",4.6,https://earthquake.usgs.gov/earthquakes/eventpage/us6000pibt
643,"M 4.5 - 34 km N of Āwash, Ethiopia","34 km N of Āwash, Ethiopia",4.5,https://earthquake.usgs.gov/earthquakes/eventpage/us6000pi9f
368,"M 4.5 - 59 km E of Kandrian, Papua New Guinea","59 km E of Kandrian, Papua New Guinea",4.5,https://earthquake.usgs.gov/earthquakes/eventpage/us6000pihy
868,"M 4.5 - 84 km SSW of Yonakuni, Japan","84 km SSW of Yonakuni, Japan",4.5,https://earthquake.usgs.gov/earthquakes/eventpage/us6000pi3h
806,"M 4.5 - 27 km E of Khulm, Afghanistan","27 km E of Khulm, Afghanistan",4.5,https://earthquake.usgs.gov/earthquakes/eventpage/us6000pi4k
197,"M 4.5 - 112 km SSW of Sechura, Peru","112 km SSW of Sechura, Peru",4.5,https://earthquake.usgs.gov/earthquakes/eventpage/us6000piq7
203,"M 4.5 - 8 km S of Silago, Philippines","8 km S of Silago, Philippines",4.5,https://earthquake.usgs.gov/earthquakes/eventpage/us6000pipw
363,"M 4.5 - 20 km ESE of Pasinler, Turkey","20 km ESE of Pasinler, Turkey",4.5,https://earthquake.usgs.gov/earthquakes/eventpage/us6000pii1
217,M 4.5 - south of the Fiji Islands,south of the Fiji Islands,4.5,https://earthquake.usgs.gov/earthquakes/eventpage/us6000pinr
578,M 4.5 - Southern Tibetan Plateau,Southern Tibetan Plateau,4.5,https://earthquake.usgs.gov/earthquakes/eventpage/us6000pic2
386,"M 4.5 - 19 km NNE of Metahāra, Ethiopia","19 km NNE of Metahāra, Ethiopia",4.5,https://earthquake.usgs.gov/earthquakes/eventpage/us6000pihl
476,M 4.5 - Banda Sea,Banda Sea,4.5,https://earthquake.usgs.gov/earthquakes/eventpage/us6000piez
557,"M 4.5 - 72 km NE of Ollagüe, Chile","72 km NE of Ollagüe, Chile",4.5,https://earthquake.usgs.gov/earthquakes/eventpage/us6000pich
500,"M 4.5 - 19 km ENE of Wadomari, Japan","19 km ENE of Wadomari, Japan",4.5,https://earthquake.usgs.gov/earthquakes/eventpage/us6000pidl
902,"M 4.5 - 36 km N of Āwash, Ethiopia","36 km N of Āwash, Ethiopia",4.5,https://earthquake.usgs.gov/earthquakes/eventpage/us6000pi33
107,"M 4.5 - 20 km N of Āwash, Ethiopia","20 km N of Āwash, Ethiopia",4.5,https://earthquake.usgs.gov/earthquakes/eventpage/us6000piuk
1102,"M 4.5 - 222 km ENE of Levuka, Fiji","222 km ENE of Levuka, Fiji",4.5,https://earthquake.usgs.gov/earthquakes/eventpage/us6000phxz
112,"M 4.5 - 32 km N of Āwash, Ethiopia","32 km N of Āwash, Ethiopia",4.5,https://earthquake.usgs.gov/earthquakes/eventpage/us6000pit5
1019,"M 4.5 - 44 km SE of Debre Sīna, Ethiopia","44 km SE of Debre Sīna, Ethiopia",4.5,https://earthquake.usgs.gov/earthquakes/eventpage/us6000phzf
1339,"M 4.5 - 73 km NE of Broken Hill, Australia","73 km NE of Broken Hill, Australia",4.5,https://earthquake.usgs.gov/earthquakes/eventpage/us6000phse
1482,"M 4.5 - 10 km SW of Alanya, Turkey","10 km SW of Alanya, Turkey",4.5,https://earthquake.usgs.gov/earthquakes/eventpage/us6000phj9
1659,"M 4.5 - 38 km N of Metahāra, Ethiopia","38 km N of Metahāra, Ethiopia",4.5,https://earthquake.usgs.gov/earthquakes/eventpage/us6000phbv
1650,"M 4.5 - 79 km NNW of Ollagüe, Chile","79 km NNW of Ollagüe, Chile",4.5,https://earthquake.usgs.gov/earthquakes/eventpage/us6000phbz
1211,"M 4.5 - 17 km SE of Cibitoke, Burundi","17 km SE of Cibitoke, Burundi",4.5,https://earthquake.usgs.gov/earthquakes/eventpage/us6000phuy
1256,"M 4.5 - 206 km SSE of Amahai, Indonesia","206 km SSE of Amahai, Indonesia",4.5,https://earthquake.usgs.gov/earthquakes/eventpage/us6000phua
1224,"M 4.5 - 120 km SE of Sarangani, Philippines","120 km SE of Sarangani, Philippines",4.5,https://earthquake.usgs.gov/earthquakes/eventpage/us6000phut
1218,"M 4.5 - 34 km S of La Libertad, El Salvador","34 km S of La Libertad, El Salvador",4.5,https://earthquake.usgs.gov/earthquakes/eventpage/us6000phuu
1023,"M 4.5 - 26 km NW of Āwash, Ethiopia","26 km NW of Āwash, Ethiopia",4.5,https://earthquake.usgs.gov/earthquakes/eventpage/us6000phzd
986,"M 4.5 - 90 km W of Kuqa, China","90 km W of Kuqa, China",4.5,https://earthquake.usgs.gov/earthquakes/eventpage/us6000pi02
1645,"M 4.5 - 54 km SSE of Metahāra, Ethiopia","54 km SSE of Metahāra, Ethiopia",4.5,https://earthquake.usgs.gov/earthquakes/eventpage/us6000phc5
1719,"M 4.5 - Izu Islands, Japan region","Izu Islands, Japan region",4.5,https://earthquake.usgs.gov/earthquakes/eventpage/us6000phaa
1620,"M 4.5 - 52 km SSE of Debre Sīna, Ethiopia","52 km SSE of Debre Sīna, Ethiopia",4.5,https://earthquake.usgs.gov/earthquakes/eventpage/us6000phcx
1636,"M 4.5 - 30 km NE of Āwash, Ethiopia","30 km NE of Āwash, Ethiopia",4.5,https://earthquake.usgs.gov/earthquakes/eventpage/us6000phcd
1329,"M 4.4 - 3 km W of Mazo Cruz, Peru","3 km W of Mazo Cruz, Peru",4.4,https://earthquake.usgs.gov/earthquakes/eventpage/us6000phsr
1346,"M 4.4 - 19 km W of Port-Vila, Vanuatu","19 km W of Port-Vila, Vanuatu",4.4,https://earthquake.usgs.gov/earthquakes/eventpage/us6000pht8
530,M 4.4 - Southern Tibetan Plateau,Southern Tibetan Plateau,4.4,https://earthquake.usgs.gov/earthquakes/eventpage/us6000pid2
294,"M 4.4 - 22 km SW of Dompu, Indonesia","22 km SW of Dompu, Indonesia",4.4,https://earthquake.usgs.gov/earthquakes/eventpage/us6000pijn
722,"M 4.4 - 133 km SW of Meulaboh, Indonesia","133 km SW of Meulaboh, Indonesia",4.4,https://earthquake.usgs.gov/earthquakes/eventpage/us6000pi69
880,"M 4.4 - 19 km NNW of Āwash, Ethiopia","19 km NNW of Āwash, Ethiopia",4.4,https://earthquake.usgs.gov/earthquakes/eventpage/us6000pi3e
787,"M 4.4 - 25 km SW of Kéfalos, Greece","25 km SW of Kéfalos, Greece",4.4,https://earthquake.usgs.gov/earthquakes/eventpage/us6000pi4u
740,"M 4.4 - 69 km SSW of Masachapa, Nicaragua","69 km SSW of Masachapa, Nicaragua",4.4,https://earthquake.usgs.gov/earthquakes/eventpage/us6000pi5m
836,"M 4.4 - 116 km NNE of Mīnāb, Iran","116 km NNE of Mīnāb, Iran",4.4,https://earthquake.usgs.gov/earthquakes/eventpage/us6000pi3x
586,M 4.4 - Southern Tibetan Plateau,Southern Tibetan Plateau,4.4,https://earthquake.usgs.gov/earthquakes/eventpage/us6000pibw
166,"M 4.4 - 35 km SE of Debre Sīna, Ethiopia","35 km SE of Debre Sīna, Ethiopia",4.4,https://earthquake.usgs.gov/earthquakes/eventpage/us6000pirb
173,"M 4.4 - 27 km SSE of Abomsa, Ethiopia","27 km SSE of Abomsa, Ethiopia",4.4,https://earthquake.usgs.gov/earthquakes/eventpage/us6000piqw
883,"M 4.4 - 37 km N of Āwash, Ethiopia","37 km N of Āwash, Ethiopia",4.4,https://earthquake.usgs.gov/earthquakes/eventpage/us6000pi3d
1123,"M 4.4 - 21 km SSE of Siavonga, Zambia","21 km SSE of Siavonga, Zambia",4.4,https://earthquake.usgs.gov/earthquakes/eventpage/us6000phxm
1342,"M 4.4 - 30 km NNW of Āwash, Ethiopia","30 km NNW of Āwash, Ethiopia",4.4,https://earthquake.usgs.gov/earthquakes/eventpage/us6000phsb
1315,"M 4.4 - 64 km SSW of Puerto El Triunfo, El Salvador","64 km SSW of Puerto El Triunfo, El Salvador",4.4,https://earthquake.usgs.gov/earthquakes/eventpage/us6000phsz
1113,"M 4.4 - 234 km WNW of Houma, Tonga","234 km WNW of Houma, Tonga",4.4,https://earthquake.usgs.gov/earthquakes/eventpage/us6000phxt
997,"M 4.4 - 139 km NE of Lospalos, Timor Leste","139 km NE of Lospalos, Timor Leste",4.4,https://earthquake.usgs.gov/earthquakes/eventpage/us6000phzz
892,"M 4.4 - 25 km S of Gelemso, Ethiopia","25 km S of Gelemso, Ethiopia",4.4,https://earthquake.usgs.gov/earthquakes/eventpage/us6000pi3a
600,M 4.3 - Southern Tibetan Plateau,Southern Tibetan Plateau,4.3,https://earthquake.usgs.gov/earthquakes/eventpage/us6000pibj
127,"M 4.3 - 12 km SW of Silos, Colombia","12 km SW of Silos, Colombia",4.3,https://earthquake.usgs.gov/earthquakes/eventpage/us6000pisv
941,"M 4.3 - 51 km NNW of Āwash, Ethiopia","51 km NNW of Āwash, Ethiopia",4.3,https://earthquake.usgs.gov/earthquakes/eventpage/us6000pi1v
1013,"M 4.3 - 21 km ENE of Āwash, Ethiopia","21 km ENE of Āwash, Ethiopia",4.3,https://earthquake.usgs.gov/earthquakes/eventpage/us6000phzk
963,"M 4.3 - 44 km S of El Rosario, El Salvador","44 km S of El Rosario, El Salvador",4.3,https://earthquake.usgs.gov/earthquakes/eventpage/us6000pi14
1277,"M 4.3 - 73 km S of Angoram, Papua New Guinea","73 km S of Angoram, Papua New Guinea",4.3,https://earthquake.usgs.gov/earthquakes/eventpage/us6000phtz
1439,"M 4.3 - 35 km SW of Illapel, Chile","35 km SW of Illapel, Chile",4.3,https://earthquake.usgs.gov/earthquakes/eventpage/us6000phph
143,M 4.3 - western Xizang,western Xizang,4.3,https://earthquake.usgs.gov/earthquakes/eventpage/us6000pis4
1508,"M 4.3 - 257 km SE of Katsuura, Japan","257 km SE of Katsuura, Japan",4.3,https://earthquake.usgs.gov/earthquakes/eventpage/us6000phew
232,"M 4.3 - 44 km ENE of Lae, Papua New Guinea","44 km ENE of Lae, Papua New Guinea",4.3,https://earthquake.usgs.gov/earthquakes/eventpage/us6000pil3
469,M 4.3 - Southern Tibetan Plateau,Southern Tibetan Plateau,4.3,https://earthquake.usgs.gov/earthquakes/eventpage/us6000pif3
339,"M 4.3 - 99 km WNW of Höfn, Iceland","99 km WNW of Höfn, Iceland",4.3,https://earthquake.usgs.gov/earthquakes/eventpage/us6000piih
354,"M 4.3 - 23 km SE of Nusa Dua, Indonesia","23 km SE of Nusa Dua, Indonesia",4.3,https://earthquake.usgs.gov/earthquakes/eventpage/us6000piic
604,M 4.3 - Southern Tibetan Plateau,Southern Tibetan Plateau,4.3,https://earthquake.usgs.gov/earthquakes/eventpage/us6000pibd
590,M 4.3 - Southern Tibetan Plateau,Southern Tibetan Plateau,4.3,https://earthquake.usgs.gov/earthquakes/eventpage/us6000pibs
1499,"M 4.3 - 48 km SW of Palaióchora, Greece","48 km SW of Palaióchora, Greece",4.3,https://earthquake.usgs.gov/earthquakes/eventpage/us6000phg1
1326,"M 4.3 - 154 km WSW of Nabire, Indonesia","154 km WSW of Nabire, Indonesia",4.3,https://earthquake.usgs.gov/earthquakes/eventpage/us6000phsv
1680,M 4.3 - Kermadec Islands region,Kermadec Islands region,4.3,https://earthquake.usgs.gov/earthquakes/eventpage/us6000phbm
480,M 4.2 - Southern Tibetan Plateau,Southern Tibetan Plateau,4.2,https://earthquake.usgs.gov/earthquakes/eventpage/us6000piev
809,"M 4.2 - 24 km NE of Tinogasta, Argentina","24 km NE of Tinogasta, Argentina",4.2,https://earthquake.usgs.gov/earthquakes/eventpage/us6000pi4f
580,M 4.2 - Southern Tibetan Plateau,Southern Tibetan Plateau,4.2,https://earthquake.usgs.gov/earthquakes/eventpage/us6000pic1
447,"M 4.2 - 64 km E of Taltal, Chile","64 km E of Taltal, Chile",4.2,https://earthquake.usgs.gov/earthquakes/eventpage/us6000pifa
274,"M 4.2 - 32 km W of Port-Vila, Vanuatu","32 km W of Port-Vila, Vanuatu",4.2,https://earthquake.usgs.gov/earthquakes/eventpage/us6000pik8
123,"M 4.2 - 56 km S of Whites City, New Mexico","56 km S of Whites City, New Mexico",4.2,https://earthquake.usgs.gov/earthquakes/eventpage/tx2025aoxt
1003,"M 4.2 - 19 km WNW of Āwash, Ethiopia","19 km WNW of Āwash, Ethiopia",4.2,https://earthquake.usgs.gov/earthquakes/eventpage/us6000phzx
1564,"M 4.2 - 105 km NNE of Mount Hagen, Papua New Guinea","105 km NNE of Mount Hagen, Papua New Guinea",4.2,https://earthquake.usgs.gov/earthquakes/eventpage/us6000phdy
1581,"M 4.2 - 67 km S of Adak, Alaska","67 km S of Adak, Alaska",4.2,https://earthquake.usgs.gov/earthquakes/eventpage/us6000phdp
1462,M 4.2 - Kuril Islands,Kuril Islands,4.2,https://earthquake.usgs.gov/earthquakes/eventpage/us6000phmb
1469,"M 4.2 - 69 km WNW of Ollagüe, Chile","69 km WNW of Ollagüe, Chile",4.2,https://earthquake.usgs.gov/earthquakes/eventpage/us6000phla
1131,"M 4.2 - 51 km NW of Pārūn, Afghanistan","51 km NW of Pārūn, Afghanistan",4.2,https://earthquake.usgs.gov/earthquakes/eventpage/us6000phx6
1072,"M 4.2 - 44 km ESE of Khorugh, Tajikistan","44 km ESE of Khorugh, Tajikistan",4.2,https://earthquake.usgs.gov/earthquakes/eventpage/us6000phyj
360,M 4.2 - Southern Tibetan Plateau,Southern Tibetan Plateau,4.2,https://earthquake.usgs.gov/earthquakes/eventpage/us6000piia
192,"M 4.1 - 96 km SSE of Klyuchi, Russia","96 km SSE of Klyuchi, Russia",4.1,https://earthquake.usgs.gov/earthquakes/eventpage/us6000piqf
228,M 4.1 - Southern Tibetan Plateau,Southern Tibetan Plateau,4.1,https://earthquake.usgs.gov/earthquakes/eventpage/us6000pil5
1239,"M 4.1 - 15 km NW of Port-Vila, Vanuatu","15 km NW of Port-Vila, Vanuatu",4.1,https://earthquake.usgs.gov/earthquakes/eventpage/us6000phuj
897,"M 4.1 - 20 km SSW of Tokoroa, New Zealand","20 km SSW of Tokoroa, New Zealand",4.1,https://earthquake.usgs.gov/earthquakes/eventpage/us6000pi35
884,"M 4.1 - 3 km ESE of Lárdos, Greece","3 km ESE of Lárdos, Greece",4.1,https://earthquake.usgs.gov/earthquakes/eventpage/us6000pi3c
1421,"M 4.1 - 41 km SE of Londres, Argentina","41 km SE of Londres, Argentina",4.1,https://earthquake.usgs.gov/earthquakes/eventpage/us6000phq6
653,"M 4.1 - 70 km SSW of Fīrūzābād, Iran","70 km SSW of Fīrūzābād, Iran",4.1,https://earthquake.usgs.gov/earthquakes/eventpage/us6000pi93
478,M 4.1 - Southern Tibetan Plateau,Southern Tibetan Plateau,4.1,https://earthquake.usgs.gov/earthquakes/eventpage/us6000piey
379,M 4.1 - Southern Tibetan Plateau,Southern Tibetan Plateau,4.1,https://earthquake.usgs.gov/earthquakes/eventpage/us6000pihp
636,M 4.1 - Southern Tibetan Plateau,Southern Tibetan Plateau,4.1,https://earthquake.usgs.gov/earthquakes/eventpage/us6000pi9m
1187,"M 4.0 - 123 km NNW of Pante Makasar, Timor Leste","123 km NNW of Pante Makasar, Timor Leste",4.0,https://earthquake.usgs.gov/earthquakes/eventpage/us6000phvp
277,"M 4.0 - 28 km WSW of Port-Vila, Vanuatu","28 km WSW of Port-Vila, Vanuatu",4.0,https://earthquake.usgs.gov/earthquakes/eventpage/us6000pik5
709,"M 4.0 - 93 km ENE of Khorugh, Tajikistan","93 km ENE of Khorugh, Tajikistan",4.0,https://earthquake.usgs.gov/earthquakes/eventpage/us6000pi78
498,"M 4.0 - Izu Islands, Japan region","Izu Islands, Japan region",4.0,https://earthquake.usgs.gov/earthquakes/eventpage/us6000pidp
630,"M 4.0 - 17 km WSW of Nanyaojie, China","17 km WSW of Nanyaojie, China",4.0,https://earthquake.usgs.gov/earthquakes/eventpage/us6000pi9u
227,"M 4.0 - 94 km SSE of Nusa Dua, Indonesia","94 km SSE of Nusa Dua, Indonesia",4.0,https://earthquake.usgs.gov/earthquakes/eventpage/us6000pil9
1276,"M 3.9 - 25 km WNW of Puerto, Chile","25 km WNW of Puerto, Chile",3.9,https://earthquake.usgs.gov/earthquakes/eventpage/us6000phty
105,"M 3.9 - 113 km N of Charlotte Amalie, U.S. Virgin Islands","113 km N of Charlotte Amalie, U.S. Virgin Islands",3.88,https://earthquake.usgs.gov/earthquakes/eventpage/pr2025009000
93,"M 3.9 - 78 km WNW of Petrolia, CA","78 km WNW of Petrolia, CA",3.86,https://earthquake.usgs.gov/earthquakes/eventpage/nc75114796
1040,"M 3.8 - 85 km NNE of Cruz Bay, U.S. Virgin Islands","85 km NNE of Cruz Bay, U.S. Virgin Islands",3.83,https://earthquake.usgs.gov/earthquakes/eventpage/pr2025005000
1711,"M 3.8 - 223 km SE of Perryville, Alaska","223 km SE of Perryville, Alaska",3.8,https://earthquake.usgs.gov/earthquakes/eventpage/us6000phbb
1738,"M 3.8 - 156 km S of False Pass, Alaska","156 km S of False Pass, Alaska",3.8,https://earthquake.usgs.gov/earthquakes/eventpage/us6000phax
311,"M 3.8 - 43 km ESE of Punta Cana, Dominican Republic","43 km ESE of Punta Cana, Dominican Republic",3.78,https://earthquake.usgs.gov/earthquakes/eventpage/pr2025008000
76,"M 3.7 - 49 km ESE of Punta Cana, Dominican Republic","49 km ESE of Punta Cana, Dominican Republic",3.73,https://earthquake.usgs.gov/earthquakes/eventpage/pr2025009001
1060,"M 3.7 - 106 km NE of Wailua, Hawaii","106 km NE of Wailua, Hawaii",3.7,https://earthquake.usgs.gov/earthquakes/eventpage/us6000phyr
742,"M 3.6 - 2 km SE of Palmarejo, Puerto Rico","2 km SE of Palmarejo, Puerto Rico",3.63,https://earthquake.usgs.gov/earthquakes/eventpage/pr2025006000
1478,"M 3.6 - 72 km WNW of Petrolia, CA","72 km WNW of Petrolia, CA",3.6,https://earthquake.usgs.gov/earthquakes/eventpage/nc75112451
1063,"M 3.6 - 80 km N of Rachel, Nevada","80 km N of Rachel, Nevada",3.6,https://earthquake.usgs.gov/earthquakes/eventpage/nn00891410
715,"M 3.6 - 25 km WNW of Susitna, Alaska","25 km WNW of Susitna, Alaska",3.6,https://earthquake.usgs.gov/earthquakes/eventpage/ak025a6euyz
350,"M 3.5 - 87 km SE of Perryville, Alaska","87 km SE of Perryville, Alaska",3.5,https://earthquake.usgs.gov/earthquakes/eventpage/ak025d9nphc
234,"M 3.5 - 29 km SSE of Chignik, Alaska","29 km SSE of Chignik, Alaska",3.5,https://earthquake.usgs.gov/earthquakes/eventpage/ak025dhbjsc
1486,"M 3.5 - 37 km SSE of Boca de Yuma, Dominican Republic","37 km SSE of Boca de Yuma, Dominican Republic",3.5,https://earthquake.usgs.gov/earthquakes/eventpage/pr2025003000
357,"M 3.3 - 21 km NW of Chenega, Alaska","21 km NW of Chenega, Alaska",3.3,https://earthquake.usgs.gov/earthquakes/eventpage/ak025d9jdmm
1059,"M 3.3 - 90 km NNW of San Antonio, Puerto Rico","90 km NNW of San Antonio, Puerto Rico",3.27,https://earthquake.usgs.gov/earthquakes/eventpage/pr71470163
319,"M 3.3 - 22 km SSW of Charlotte Amalie, U.S. Virgin Islands","22 km SSW of Charlotte Amalie, U.S. Virgin Islands",3.26,https://earthquake.usgs.gov/earthquakes/eventpage/pr71470368
298,"M 3.2 - 2 km NE of Almanor, CA","2 km NE of Almanor, CA",3.23,https://earthquake.usgs.gov/earthquakes/eventpage/nc75114406
279,"M 3.2 - 5 km ESE of Beluga, Alaska","5 km ESE of Beluga, Alaska",3.2,https://earthquake.usgs.gov/earthquakes/eventpage/ak025dec01v
828,"M 3.2 - 42 km WNW of Skwentna, Alaska","42 km WNW of Skwentna, Alaska",3.2,https://earthquake.usgs.gov/earthquakes/eventpage/ak0259zsd3f
848,"M 3.2 - 62 km NNE of Punta Cana, Dominican Republic","62 km NNE of Punta Cana, Dominican Republic",3.17,https://earthquake.usgs.gov/earthquakes/eventpage/pr71470243
1458,"M 3.2 - 49 km W of Petrolia, CA","49 km W of Petrolia, CA",3.15,https://earthquake.usgs.gov/earthquakes/eventpage/nc75112496
777,"M 3.1 - 74 km WNW of Petrolia, CA","74 km WNW of Petrolia, CA",3.13,https://earthquake.usgs.gov/earthquakes/eventpage/nc75113516
106,"M 3.1 - 234 km SE of Chiniak, Alaska","234 km SE of Chiniak, Alaska",3.1,https://earthquake.usgs.gov/earthquakes/eventpage/ak025eyzrbs
735,"M 3.1 - 1 km ESE of El Centro, CA","1 km ESE of El Centro, CA",3.1,https://earthquake.usgs.gov/earthquakes/eventpage/ci40834559
256,"M 3.1 - 75 km N of Brenas, Puerto Rico","75 km N of Brenas, Puerto Rico",3.09,https://earthquake.usgs.gov/earthquakes/eventpage/pr71470428
741,"M 3.1 - 45 km N of Hatillo, Puerto Rico","45 km N of Hatillo, Puerto Rico",3.07,https://earthquake.usgs.gov/earthquakes/eventpage/pr71470273
1410,"M 3.1 - 36 km N of Hatillo, Puerto Rico","36 km N of Hatillo, Puerto Rico",3.05,https://earthquake.usgs.gov/earthquakes/eventpage/pr71470078
381,"M 3.0 - 2 km NW of Little America, Wyoming","2 km NW of Little America, Wyoming",3.04,https://earthquake.usgs.gov/earthquakes/eventpage/uu80099346
429,"M 3.0 - 10 km S of Waikoloa, Hawaii","10 km S of Waikoloa, Hawaii",3.04,https://earthquake.usgs.gov/earthquakes/eventpage/hv74586587
761,"M 3.0 - 73 km N of Culebra, Puerto Rico","73 km N of Culebra, Puerto Rico",3.02,https://earthquake.usgs.gov/earthquakes/eventpage/pr71470253
109,"M 3.0 - 0 km E of Aromas, CA","0 km E of Aromas, CA",3.0,https://earthquake.usgs.gov/earthquakes/eventpage/nc75114761
962,"M 3.0 - 65 km NNE of Petersville, Alaska","65 km NNE of Petersville, Alaska",3.0,https://earthquake.usgs.gov/earthquakes/eventpage/ak0258k3px0
823,"M 3.0 - 6 km SE of Mooringsport, Louisiana","6 km SE of Mooringsport, Louisiana",3.0,https://earthquake.usgs.gov/earthquakes/eventpage/us6000pi49
1177,"M 3.0 - 66 km NE of Christiansted, U.S. Virgin Islands","66 km NE of Christiansted, U.S. Virgin Islands",2.98,https://earthquake.usgs.gov/earthquakes/eventpage/pr71470153
1634,"M 3.0 - 39 km SE of Naalehu, Hawaii","39 km SE of Naalehu, Hawaii",2.97,https://earthquake.usgs.gov/earthquakes/eventpage/hv74582777
651,"M 2.9 - 23 km WNW of Rincón, Puerto Rico","23 km WNW of Rincón, Puerto Rico",2.92,https://earthquake.usgs.gov/earthquakes/eventpage/pr71470298
666,"M 2.9 - 14 km SSE of Isla Vista, CA","14 km SSE of Isla Vista, CA",2.91,https://earthquake.usgs.gov/earthquakes/eventpage/ci40834887
1343,"M 2.9 - 11 km ESE of Smith, Nevada","11 km ESE of Smith, Nevada",2.9,https://earthquake.usgs.gov/earthquakes/eventpage/nn00891374
1507,"M 2.9 - 52 km WSW of Carrizozo, New Mexico","52 km WSW of Carrizozo, New Mexico",2.9,https://earthquake.usgs.gov/earthquakes/eventpage/us6000phev
1397,"M 2.9 - 20 km SE of Stockdale, Texas","20 km SE of Stockdale, Texas",2.9,https://earthquake.usgs.gov/earthquakes/eventpage/tx2025afjc
934,"M 2.9 - 71 km WNW of Petrolia, CA","71 km WNW of Petrolia, CA",2.88,https://earthquake.usgs.gov/earthquakes/eventpage/nc75113251
1492,"M 2.9 - 11 km E of Pangburn, Arkansas","11 km E of Pangburn, Arkansas",2.88,https://earthquake.usgs.gov/earthquakes/eventpage/nm60596046
1429,"M 2.9 - 59 km WNW of Petrolia, CA","59 km WNW of Petrolia, CA",2.86,https://earthquake.usgs.gov/earthquakes/eventpage/nc75112576
727,"M 2.9 - 21 km ENE of San Lucas, CA","21 km ENE of San Lucas, CA",2.85,https://earthquake.usgs.gov/earthquakes/eventpage/nc75113596
1420,"M 2.8 - 153 km ESE of McCarthy, Alaska","153 km ESE of McCarthy, Alaska",2.8,https://earthquake.usgs.gov/earthquakes/eventpage/us6000phq7
412,"M 2.8 - 62 km E of Denali Park, Alaska","62 km E of Denali Park, Alaska",2.8,https://earthquake.usgs.gov/earthquakes/eventpage/us6000pigq
688,"M 2.8 - 31 km N of Brenas, Puerto Rico","31 km N of Brenas, Puerto Rico",2.8,https://earthquake.usgs.gov/earthquakes/eventpage/pr71470288
394,"M 2.8 - 4 km W of The Geysers, CA","4 km W of The Geysers, CA",2.8,https://earthquake.usgs.gov/earthquakes/eventpage/nc75114241
1148,"M 2.8 - 44 km WNW of Petrolia, CA","44 km WNW of Petrolia, CA",2.8,https://earthquake.usgs.gov/earthquakes/eventpage/nc75112931
432,"M 2.8 - 20 km SW of Toms Place, CA","20 km SW of Toms Place, CA",2.76,https://earthquake.usgs.gov/earthquakes/eventpage/nc75114141
169,"M 2.8 - 7 km SW of Holtville, CA","7 km SW of Holtville, CA",2.76,https://earthquake.usgs.gov/earthquakes/eventpage/ci40836207
1228,"M 2.7 - 11 km SSW of Leilani Estates, Hawaii","11 km SSW of Leilani Estates, Hawaii",2.73,https://earthquake.usgs.gov/earthquakes/eventpage/hv74583677
80,"M 2.7 - 37 km WNW of Petrolia, CA","37 km WNW of Petrolia, CA",2.72,https://earthquake.usgs.gov/earthquakes/eventpage/nc75114831
924,"M 2.7 - 1 km NW of Lajas, Puerto Rico","1 km NW of Lajas, Puerto Rico",2.71,https://earthquake.usgs.gov/earthquakes/eventpage/pr71470233
1572,"M 2.7 - 10 km W of Forsan, Texas","10 km W of Forsan, Texas",2.7,https://earthquake.usgs.gov/earthquakes/eventpage/tx2025aeeb
1314,"M 2.7 - 30 km SW of Tanana, Alaska","30 km SW of Tanana, Alaska",2.7,https://earthquake.usgs.gov/earthquakes/eventpage/ak0256pgul5
87,"M 2.7 - 20 km ENE of Austin, Nevada","20 km ENE of Austin, Nevada",2.7,https://earthquake.usgs.gov/earthquakes/eventpage/nn00891633
111,"M 2.7 - 32 km SSE of Hope, New Mexico","32 km SSE of Hope, New Mexico",2.7,https://earthquake.usgs.gov/earthquakes/eventpage/us6000pit4
617,"M 2.7 - 65 km ENE of Pedro Bay, Alaska","65 km ENE of Pedro Bay, Alaska",2.7,https://earthquake.usgs.gov/earthquakes/eventpage/ak025blliiv
326,"M 2.7 - 34 km SSE of Hope, New Mexico","34 km SSE of Hope, New Mexico",2.7,https://earthquake.usgs.gov/earthquakes/eventpage/us6000piiq
1185,"M 2.7 - 131 km WNW of Petrolia, CA","131 km WNW of Petrolia, CA",2.67,https://earthquake.usgs.gov/earthquakes/eventpage/nc75112891
305,"M 2.7 - 49 km WNW of Petrolia, CA","49 km WNW of Petrolia, CA",2.66,https://earthquake.usgs.gov/earthquakes/eventpage/nc75114396
86,"M 2.7 - 38 km WNW of Petrolia, CA","38 km WNW of Petrolia, CA",2.66,https://earthquake.usgs.gov/earthquakes/eventpage/nc75114821
307,"M 2.6 - 3 km WSW of Fuig, Puerto Rico","3 km WSW of Fuig, Puerto Rico",2.64,https://earthquake.usgs.gov/earthquakes/eventpage/pr71470388
1640,"M 2.6 - 9 km NNW of Cabazon, CA","9 km NNW of Cabazon, CA",2.64,https://earthquake.usgs.gov/earthquakes/eventpage/ci40832759
1170,"M 2.6 - 13 km W of Puerto Real, Puerto Rico","13 km W of Puerto Real, Puerto Rico",2.63,https://earthquake.usgs.gov/earthquakes/eventpage/pr71470148
1300,"M 2.6 - 30 km ENE of Ensenada, B.C., MX","30 km ENE of Ensenada, B.C., MX",2.61,https://earthquake.usgs.gov/earthquakes/eventpage/ci40833655
272,"M 2.6 - 3 km ESE of Corcovado, Puerto Rico","3 km ESE of Corcovado, Puerto Rico",2.61,https://earthquake.usgs.gov/earthquakes/eventpage/pr71470413
762,"M 2.6 - 15 km NNW of Summit Park, Utah","15 km NNW of Summit Park, Utah",2.6,https://earthquake.usgs.gov/earthquakes/eventpage/uu80099281
560,"M 2.6 - 66 km WNW of Skwentna, Alaska","66 km WNW of Skwentna, Alaska",2.6,https://earthquake.usgs.gov/earthquakes/eventpage/ak025bnvyrv
1547,"M 2.6 - 13 km WSW of Fairview, Wyoming","13 km WSW of Fairview, Wyoming",2.6,https://earthquake.usgs.gov/earthquakes/eventpage/us6000phec
179,"M 2.6 - 28 km ESE of King Salmon, Alaska","28 km ESE of King Salmon, Alaska",2.6,https://earthquake.usgs.gov/earthquakes/eventpage/ak025dkvpic
1173,"M 2.6 - 57 km E of Port Alsworth, Alaska","57 km E of Port Alsworth, Alaska",2.6,https://earthquake.usgs.gov/earthquakes/eventpage/ak0256x6toy
102,"M 2.6 - 6 km SE of Maria Antonia, Puerto Rico","6 km SE of Maria Antonia, Puerto Rico",2.58,https://earthquake.usgs.gov/earthquakes/eventpage/pr71470468
506,"M 2.6 - 7 km NNW of The Geysers, CA","7 km NNW of The Geysers, CA",2.58,https://earthquake.usgs.gov/earthquakes/eventpage/nc75113996
1009,"M 2.6 - 11 km WSW of Kailua-Kona, Hawaii","11 km WSW of Kailua-Kona, Hawaii",2.57,https://earthquake.usgs.gov/earthquakes/eventpage/hv74584667
538,"M 2.6 - 6 km SW of Guánica, Puerto Rico","6 km SW of Guánica, Puerto Rico",2.55,https://earthquake.usgs.gov/earthquakes/eventpage/pr71470328
82,"M 2.5 - 25 km W of Petrolia, CA","25 km W of Petrolia, CA",2.53,https://earthquake.usgs.gov/earthquakes/eventpage/nc75114826
1457,"M 2.5 - 4 km SW of Guánica, Puerto Rico","4 km SW of Guánica, Puerto Rico",2.53,https://earthquake.usgs.gov/earthquakes/eventpage/pr71470048
439,"M 2.5 - 23 km W of Petrolia, CA","23 km W of Petrolia, CA",2.52,https://earthquake.usgs.gov/earthquakes/eventpage/nc75114121
118,"M 2.5 - 56 km S of Whites City, New Mexico","56 km S of Whites City, New Mexico",2.5,https://earthquake.usgs.gov/earthquakes/eventpage/tx2025aoyu
1186,"M 2.5 - 10 km WSW of Kailua-Kona, Hawaii","10 km WSW of Kailua-Kona, Hawaii",2.5,https://earthquake.usgs.gov/earthquakes/eventpage/us6000phvf
85,"M 2.5 - 55 km S of Whites City, New Mexico","55 km S of Whites City, New Mexico",2.5,https://earthquake.usgs.gov/earthquakes/eventpage/tx2025apel
433,"M 2.5 - 43 km WNW of Ninilchik, Alaska","43 km WNW of Ninilchik, Alaska",2.5,https://earthquake.usgs.gov/earthquakes/eventpage/us6000pig2
411,"M 2.5 - 38 km SSW of Glacier View, Alaska","38 km SSW of Glacier View, Alaska",2.5,https://earthquake.usgs.gov/earthquakes/eventpage/us6000pigr
927,"M 2.5 - 6 km S of Indios, Puerto Rico","6 km S of Indios, Puerto Rico",2.5,https://earthquake.usgs.gov/earthquakes/eventpage/pr71470223
1416,"M 2.5 - 20 km NNE of Karnes City, Texas","20 km NNE of Karnes City, Texas",2.5,https://earthquake.usgs.gov/earthquakes/eventpage/tx2025afgx
1503,"M 2.5 - 39 km SSE of Goldfield, Nevada","39 km SSE of Goldfield, Nevada",2.5,https://earthquake.usgs.gov/earthquakes/eventpage/nn00891318
59,"M 2.5 - 35 km NW of Toyah, Texas","35 km NW of Toyah, Texas",2.5,https://earthquake.usgs.gov/earthquakes/eventpage/tx2025apmr
831,"M 2.5 - 54 km W of Happy Valley, Alaska","54 km W of Happy Valley, Alaska",2.5,https://earthquake.usgs.gov/earthquakes/eventpage/ak0259zp3ab
1,"M 2.5 - 12 km W of Nanwalek, Alaska","12 km W of Nanwalek, Alaska",2.5,https://earthquake.usgs.gov/earthquakes/eventpage/ak025f67rmn
1257,"M 2.5 - 21 km SSW of Nelson Lagoon, Alaska","21 km SSW of Nelson Lagoon, Alaska",2.5,https://earthquake.usgs.gov/earthquakes/eventpage/us6000phub
489,"M 2.5 - 46 km WNW of Anchor Point, Alaska","46 km WNW of Anchor Point, Alaska",2.5,https://earthquake.usgs.gov/earthquakes/eventpage/ak025brg8a5
1371,"M 2.5 - 38 km SSE of Goldfield, Nevada","38 km SSE of Goldfield, Nevada",2.5,https://earthquake.usgs.gov/earthquakes/eventpage/nn00891366
875,"M 2.5 - 19 km S of Cooper Landing, Alaska","19 km S of Cooper Landing, Alaska",2.5,https://earthquake.usgs.gov/earthquakes/eventpage/ak0259yk51p
1333,"M 2.5 - 5 km NE of Meadow Lakes, Alaska","5 km NE of Meadow Lakes, Alaska",2.5,https://earthquake.usgs.gov/earthquakes/eventpage/ak0256om5yu
74,"M 2.5 - 26 km W of Petrolia, CA","26 km W of Petrolia, CA",2.49,https://earthquake.usgs.gov/earthquakes/eventpage/nc75114841
244,"M 2.5 - 53 km SE of Naalehu, Hawaii","53 km SE of Naalehu, Hawaii",2.49,https://earthquake.usgs.gov/earthquakes/eventpage/hv74587232
338,"M 2.5 - 20 km WSW of Petrolia, CA","20 km WSW of Petrolia, CA",2.48,https://earthquake.usgs.gov/earthquakes/eventpage/nc75114341
647,"M 2.4 - 3 km SSW of Magas Arriba, Puerto Rico","3 km SSW of Magas Arriba, Puerto Rico",2.43,https://earthquake.usgs.gov/earthquakes/eventpage/pr71470303
569,"M 2.4 - 12 km NNE of Bay Point, CA","12 km NNE of Bay Point, CA",2.43,https://earthquake.usgs.gov/earthquakes/eventpage/nc75113906
18,"M 2.4 - 2 km WNW of Tallaboa, Puerto Rico","2 km WNW of Tallaboa, Puerto Rico",2.42,https://earthquake.usgs.gov/earthquakes/eventpage/pr71470498
1216,"M 2.4 - 10 km E of Toston, Montana","10 km E of Toston, Montana",2.41,https://earthquake.usgs.gov/earthquakes/eventpage/mb90070108
725,"M 2.4 - 15 km NE of Milford, Utah","15 km NE of Milford, Utah",2.41,https://earthquake.usgs.gov/earthquakes/eventpage/uu80099291
1529,"M 2.4 - 40 km WSW of Clear, Alaska","40 km WSW of Clear, Alaska",2.4,https://earthquake.usgs.gov/earthquakes/eventpage/ak025546zis
10,"M 2.4 - 50 km E of Pedro Bay, Alaska","50 km E of Pedro Bay, Alaska",2.4,https://earthquake.usgs.gov/earthquakes/eventpage/ak025f5owmj
683,"M 2.4 - 74 km ENE of Port Alsworth, Alaska","74 km ENE of Port Alsworth, Alaska",2.4,https://earthquake.usgs.gov/earthquakes/eventpage/ak025a86io6
575,"M 2.4 - 30 km NW of Stanley, Idaho","30 km NW of Stanley, Idaho",2.4,https://earthquake.usgs.gov/earthquakes/eventpage/mb90070248
117,"M 2.4 - 128 km SE of McCarthy, Alaska","128 km SE of McCarthy, Alaska",2.4,https://earthquake.usgs.gov/earthquakes/eventpage/ak025eyd3yo
89,"M 2.4 - 54 km WNW of Petrolia, CA","54 km WNW of Petrolia, CA",2.4,https://earthquake.usgs.gov/earthquakes/eventpage/nc75114816
981,"M 2.4 - 33 km WNW of Petrolia, CA","33 km WNW of Petrolia, CA",2.38,https://earthquake.usgs.gov/earthquakes/eventpage/nc75113156
553,"M 2.4 - 26 km NE of Thermal, CA","26 km NE of Thermal, CA",2.37,https://earthquake.usgs.gov/earthquakes/eventpage/ci37694044
645,"M 2.4 - 4 km WNW of La Parguera, Puerto Rico","4 km WNW of La Parguera, Puerto Rico",2.36,https://earthquake.usgs.gov/earthquakes/eventpage/pr71470313
1081,"M 2.3 - 10 km NE of Pāhala, Hawaii","10 km NE of Pāhala, Hawaii",2.33,https://earthquake.usgs.gov/earthquakes/eventpage/hv74584462
1168,"M 2.3 - 8 km SE of Wakita, Oklahoma","8 km SE of Wakita, Oklahoma",2.32,https://earthquake.usgs.gov/earthquakes/eventpage/ok2025agzb
151,"M 2.3 - 4 km E of Herculaneum, Missouri","4 km E of Herculaneum, Missouri",2.32,https://earthquake.usgs.gov/earthquakes/eventpage/nm60596336
863,"M 2.3 - 2 km E of Maria Antonia, Puerto Rico","2 km E of Maria Antonia, Puerto Rico",2.31,https://earthquake.usgs.gov/earthquakes/eventpage/pr71470238
953,"M 2.3 - 42 km W of Nanwalek, Alaska","42 km W of Nanwalek, Alaska",2.3,https://earthquake.usgs.gov/earthquakes/eventpage/ak0258kiv5i
541,"M 2.3 - 57 km NNW of Petersville, Alaska","57 km NNW of Petersville, Alaska",2.3,https://earthquake.usgs.gov/earthquakes/eventpage/ak025boljn0
1317,"M 2.3 - 7 km SSW of Houston, Alaska","7 km SSW of Houston, Alaska",2.3,https://earthquake.usgs.gov/earthquakes/eventpage/ak0256pccnd
1006,"M 2.3 - 36 km WSW of Mentone, Texas","36 km WSW of Mentone, Texas",2.3,https://earthquake.usgs.gov/earthquakes/eventpage/tx2025aijj
584,"M 2.3 - 81 km NW of Yakutat, Alaska","81 km NW of Yakutat, Alaska",2.3,https://earthquake.usgs.gov/earthquakes/eventpage/ak025bmpqps
1020,"M 2.3 - 60 km W of Happy Valley, Alaska","60 km W of Happy Valley, Alaska",2.3,https://earthquake.usgs.gov/earthquakes/eventpage/ak0258h05zm
1146,"M 2.3 - 79 km N of Karluk, Alaska","79 km N of Karluk, Alaska",2.3,https://earthquake.usgs.gov/earthquakes/eventpage/ak0256zk5qs
1709,"M 2.3 - 50 km NW of Ninilchik, Alaska","50 km NW of Ninilchik, Alaska",2.3,https://earthquake.usgs.gov/earthquakes/eventpage/ak0253n33uw
194,"M 2.3 - 47 km E of Fort Bidwell, California","47 km E of Fort Bidwell, California",2.3,https://earthquake.usgs.gov/earthquakes/eventpage/nn00891607
60,"M 2.3 - 56 km S of Whites City, New Mexico","56 km S of Whites City, New Mexico",2.3,https://earthquake.usgs.gov/earthquakes/eventpage/tx2025apml
1157,"M 2.3 - 5 km W of Rotan, Texas","5 km W of Rotan, Texas",2.3,https://earthquake.usgs.gov/earthquakes/eventpage/tx2025ahcu
8,"M 2.3 - 20 km S of Cantwell, Alaska","20 km S of Cantwell, Alaska",2.3,https://earthquake.usgs.gov/earthquakes/eventpage/ak025f5yi61
336,"M 2.3 - 44 km E of Fort Bidwell, California","44 km E of Fort Bidwell, California",2.3,https://earthquake.usgs.gov/earthquakes/eventpage/nn00891600
497,"M 2.3 - 73 km WNW of Happy Valley, Alaska","73 km WNW of Happy Valley, Alaska",2.3,https://earthquake.usgs.gov/earthquakes/eventpage/ak025bqxrd5
1468,"M 2.3 - 29 km SW of Hope, Alaska","29 km SW of Hope, Alaska",2.3,https://earthquake.usgs.gov/earthquakes/eventpage/ak02557ob74
407,"M 2.3 Explosion - 1 km NNE of Lincoln Beach, Oregon","1 km NNE of Lincoln Beach, Oregon",2.29,https://earthquake.usgs.gov/earthquakes/eventpage/uw62061687
1437,"M 2.3 - 20 km W of Petrolia, CA","20 km W of Petrolia, CA",2.28,https://earthquake.usgs.gov/earthquakes/eventpage/nc75112551
1240,"M 2.3 - 17 km W of Petrolia, CA","17 km W of Petrolia, CA",2.28,https://earthquake.usgs.gov/earthquakes/eventpage/nc75112811
324,"M 2.3 - 2 km SE of Capitanejo, Puerto Rico","2 km SE of Capitanejo, Puerto Rico",2.27,https://earthquake.usgs.gov/earthquakes/eventpage/pr71470363
1325,"M 2.3 - 2 km ENE of Magas Arriba, Puerto Rico","2 km ENE of Magas Arriba, Puerto Rico",2.25,https://earthquake.usgs.gov/earthquakes/eventpage/pr71470128
620,"M 2.2 - 12 km SE of Middletown, CA","12 km SE of Middletown, CA",2.24,https://earthquake.usgs.gov/earthquakes/eventpage/nc75113856
1016,"M 2.2 - 6 km S of Magas Arriba, Puerto Rico","6 km S of Magas Arriba, Puerto Rico",2.24,https://earthquake.usgs.gov/earthquakes/eventpage/pr71470193
241,"M 2.2 - 21 km W of Wainaku, Hawaii","21 km W of Wainaku, Hawaii",2.24,https://earthquake.usgs.gov/earthquakes/eventpage/hv74587252
693,"M 2.2 - 6 km SSW of Guánica, Puerto Rico","6 km SSW of Guánica, Puerto Rico",2.24,https://earthquake.usgs.gov/earthquakes/eventpage/pr71470283
977,"M 2.2 - 20 km ESE of Evanston, Wyoming","20 km ESE of Evanston, Wyoming",2.23,https://earthquake.usgs.gov/earthquakes/eventpage/uu80099246
551,"M 2.2 - 2 km NW of Kenilworth, Utah","2 km NW of Kenilworth, Utah",2.23,https://earthquake.usgs.gov/earthquakes/eventpage/uu80099316
98,"M 2.2 - 1 km SW of Pāhala, Hawaii","1 km SW of Pāhala, Hawaii",2.22,https://earthquake.usgs.gov/earthquakes/eventpage/hv74587847
914,"M 2.2 - 115 km ESE of McCarthy, Alaska","115 km ESE of McCarthy, Alaska",2.2,https://earthquake.usgs.gov/earthquakes/eventpage/ak0258n0h30
784,"M 2.2 - 24 km NNW of Fowlerton, Texas","24 km NNW of Fowlerton, Texas",2.2,https://earthquake.usgs.gov/earthquakes/eventpage/tx2025ajvl
231,"M 2.2 - 13 km SW of Susitna, Alaska","13 km SW of Susitna, Alaska",2.2,https://earthquake.usgs.gov/earthquakes/eventpage/ak025dhdjjv
361,"M 2.2 - 78 km SW of Nanwalek, Alaska","78 km SW of Nanwalek, Alaska",2.2,https://earthquake.usgs.gov/earthquakes/eventpage/ak025d95fkj
1382,"M 2.2 - 17 km NE of Yerington, Nevada","17 km NE of Yerington, Nevada",2.2,https://earthquake.usgs.gov/earthquakes/eventpage/nn00891360
794,"M 2.2 - 56 km S of Whites City, New Mexico","56 km S of Whites City, New Mexico",2.2,https://earthquake.usgs.gov/earthquakes/eventpage/tx2025ajty
24,"M 2.2 - 3 km ENE of Houston, Alaska","3 km ENE of Houston, Alaska",2.2,https://earthquake.usgs.gov/earthquakes/eventpage/ak025f50nl5
502,"M 2.2 - 27 km WNW of Susitna, Alaska","27 km WNW of Susitna, Alaska",2.2,https://earthquake.usgs.gov/earthquakes/eventpage/ak025bqrxnp
477,"M 2.2 - 30 km SSW of Glacier View, Alaska","30 km SSW of Glacier View, Alaska",2.2,https://earthquake.usgs.gov/earthquakes/eventpage/ak025bsk33v
517,"M 2.2 - 35 km ESE of Whittier, Alaska","35 km ESE of Whittier, Alaska",2.2,https://earthquake.usgs.gov/earthquakes/eventpage/ak025bq6zxh
1107,"M 2.2 - 55 km NW of Toyah, Texas","55 km NW of Toyah, Texas",2.2,https://earthquake.usgs.gov/earthquakes/eventpage/tx2025ahpd
317,"M 2.2 - 46 km E of Fort Bidwell, California","46 km E of Fort Bidwell, California",2.2,https://earthquake.usgs.gov/earthquakes/eventpage/nn00891598
116,"M 2.2 - 42 km SE of McCarthy, Alaska","42 km SE of McCarthy, Alaska",2.2,https://earthquake.usgs.gov/earthquakes/eventpage/ak025eyd8ry
1033,"M 2.2 - 31 km ESE of Cantwell, Alaska","31 km ESE of Cantwell, Alaska",2.2,https://earthquake.usgs.gov/earthquakes/eventpage/ak0258fwmg2
297,"M 2.2 - 2 km NE of Almanor, CA","2 km NE of Almanor, CA",2.19,https://earthquake.usgs.gov/earthquakes/eventpage/nc75114411
1045,"M 2.2 - 4 km S of Guánica, Puerto Rico","4 km S of Guánica, Puerto Rico",2.19,https://earthquake.usgs.gov/earthquakes/eventpage/pr71470173
1267,"M 2.2 - 11 km NNE of Cabazon, CA","11 km NNE of Cabazon, CA",2.19,https://earthquake.usgs.gov/earthquakes/eventpage/ci40833687
132,"M 2.2 - 2 km NW of Indios, Puerto Rico","2 km NW of Indios, Puerto Rico",2.19,https://earthquake.usgs.gov/earthquakes/eventpage/pr71470448
1341,"M 2.2 - 22 km W of Petrolia, CA","22 km W of Petrolia, CA",2.18,https://earthquake.usgs.gov/earthquakes/eventpage/nc75112706
158,"M 2.2 - 8 km SW of Holtville, CA","8 km SW of Holtville, CA",2.18,https://earthquake.usgs.gov/earthquakes/eventpage/ci40836255
1509,"M 2.2 - 5 km SW of Spaulding, Oklahoma","5 km SW of Spaulding, Oklahoma",2.18,https://earthquake.usgs.gov/earthquakes/eventpage/ok2025aenx
1530,"M 2.2 - 4 km WSW of Howardville, Missouri","4 km WSW of Howardville, Missouri",2.18,https://earthquake.usgs.gov/earthquakes/eventpage/nm60596036
1451,"M 2.2 - 5 km SW of Guánica, Puerto Rico","5 km SW of Guánica, Puerto Rico",2.17,https://earthquake.usgs.gov/earthquakes/eventpage/pr71470068
1079,"M 2.2 - 10 km W of Petrolia, CA","10 km W of Petrolia, CA",2.16,https://earthquake.usgs.gov/earthquakes/eventpage/nc75113006
352,"M 2.2 - 3 km WSW of Guánica, Puerto Rico","3 km WSW of Guánica, Puerto Rico",2.15,https://earthquake.usgs.gov/earthquakes/eventpage/pr71470358
840,"M 2.2 - 13 km SSW of Honoka‘a, Hawaii","13 km SSW of Honoka‘a, Hawaii",2.15,https://earthquake.usgs.gov/earthquakes/eventpage/hv74585212
1215,"M 2.1 - 6 km NE of Round Valley, CA","6 km NE of Round Valley, CA",2.14,https://earthquake.usgs.gov/earthquakes/eventpage/nc75112846
548,"M 2.1 - 3 km W of Point Roberts, Washington","3 km W of Point Roberts, Washington",2.14,https://earthquake.usgs.gov/earthquakes/eventpage/uw62061627
1027,"M 2.1 - 7 km E of Ocotillo, CA","7 km E of Ocotillo, CA",2.13,https://earthquake.usgs.gov/earthquakes/eventpage/ci40834055
1011,"M 2.1 - 4 km WSW of Anderson Springs, CA","4 km WSW of Anderson Springs, CA",2.13,https://earthquake.usgs.gov/earthquakes/eventpage/nc75113096
1417,"M 2.1 - 8 km NNW of The Geysers, CA","8 km NNW of The Geysers, CA",2.12,https://earthquake.usgs.gov/earthquakes/eventpage/nc75112596
288,"M 2.1 - 1 km NW of Prattville, CA","1 km NW of Prattville, CA",2.12,https://earthquake.usgs.gov/earthquakes/eventpage/nc75114426
397,"M 2.1 Explosion - 17 km S of Princeton, Canada","17 km S of Princeton, Canada",2.12,https://earthquake.usgs.gov/earthquakes/eventpage/uw62061702
912,"M 2.1 - 9 km E of Milpitas, CA","9 km E of Milpitas, CA",2.12,https://earthquake.usgs.gov/earthquakes/eventpage/nc75113301
562,"M 2.1 - 1 km ESE of Parcelas La Milagrosa, Puerto Rico","1 km ESE of Parcelas La Milagrosa, Puerto Rico",2.11,https://earthquake.usgs.gov/earthquakes/eventpage/pr71470323
164,"M 2.1 - 22 km W of Volcano, Hawaii","22 km W of Volcano, Hawaii",2.11,https://earthquake.usgs.gov/earthquakes/eventpage/hv74587552
1746,"M 2.1 - 17 km WSW of Toms Place, CA","17 km WSW of Toms Place, CA",2.11,https://earthquake.usgs.gov/earthquakes/eventpage/nc75112101
1715,"M 2.1 - 55 km S of Whites City, New Mexico","55 km S of Whites City, New Mexico",2.1,https://earthquake.usgs.gov/earthquakes/eventpage/tx2025adix
207,"M 2.1 - 68 km NNE of Petersville, Alaska","68 km NNE of Petersville, Alaska",2.1,https://earthquake.usgs.gov/earthquakes/eventpage/ak025djb4jr
845,"M 2.1 - 3 km SE of Big Lake, Alaska","3 km SE of Big Lake, Alaska",2.1,https://earthquake.usgs.gov/earthquakes/eventpage/ak0259z8lls
156,"M 2.1 - 7 km N of Smiths Ferry, Idaho","7 km N of Smiths Ferry, Idaho",2.1,https://earthquake.usgs.gov/earthquakes/eventpage/mb90070558
838,"M 2.1 - 17 km NE of Yerington, Nevada","17 km NE of Yerington, Nevada",2.1,https://earthquake.usgs.gov/earthquakes/eventpage/nn00891460
807,"M 2.1 - 29 km SSW of Venetie, Alaska","29 km SSW of Venetie, Alaska",2.1,https://earthquake.usgs.gov/earthquakes/eventpage/ak025a1h5ct
1114,"M 2.1 - 82 km NW of Skwentna, Alaska","82 km NW of Skwentna, Alaska",2.1,https://earthquake.usgs.gov/earthquakes/eventpage/ak0258b6dju
1391,"M 2.1 - 121 km WNW of Yakutat, Alaska","121 km WNW of Yakutat, Alaska",2.1,https://earthquake.usgs.gov/earthquakes/eventpage/ak0255bwjk8
942,"M 2.1 - 3 km NE of Skwentna, Alaska","3 km NE of Skwentna, Alaska",2.1,https://earthquake.usgs.gov/earthquakes/eventpage/ak0258l6flk
503,"M 2.1 - 33 km NE of Chignik, Alaska","33 km NE of Chignik, Alaska",2.1,https://earthquake.usgs.gov/earthquakes/eventpage/ak025bqrt4h
1254,"M 2.1 - 54 km W of Tyonek, Alaska","54 km W of Tyonek, Alaska",2.1,https://earthquake.usgs.gov/earthquakes/eventpage/ak0256scyfi
1409,"M 2.1 - 54 km ESE of Denali National Park, Alaska","54 km ESE of Denali National Park, Alaska",2.1,https://earthquake.usgs.gov/earthquakes/eventpage/ak0255b9afl
83,"M 2.1 - 56 km S of Whites City, New Mexico","56 km S of Whites City, New Mexico",2.1,https://earthquake.usgs.gov/earthquakes/eventpage/tx2025apev
302,"M 2.1 - 8 km S of Lamboglia, Puerto Rico","8 km S of Lamboglia, Puerto Rico",2.1,https://earthquake.usgs.gov/earthquakes/eventpage/pr71470403
718,"M 2.1 - 25 km WNW of Nikiski, Alaska","25 km WNW of Nikiski, Alaska",2.1,https://earthquake.usgs.gov/earthquakes/eventpage/ak025a6cii9
121,"M 2.1 - 42 km SW of Tatitlek, Alaska","42 km SW of Tatitlek, Alaska",2.1,https://earthquake.usgs.gov/earthquakes/eventpage/ak025ey8t23
599,"M 2.1 - 36 km SSE of Glacier View, Alaska","36 km SSE of Glacier View, Alaska",2.1,https://earthquake.usgs.gov/earthquakes/eventpage/ak025bm6ojf
1005,"M 2.1 - 22 km ENE of Point Possession, Alaska","22 km ENE of Point Possession, Alaska",2.1,https://earthquake.usgs.gov/earthquakes/eventpage/ak0258hre28
267,"M 2.1 - 11 km NNE of Pāhala, Hawaii","11 km NNE of Pāhala, Hawaii",2.1,https://earthquake.usgs.gov/earthquakes/eventpage/hv74587207
314,"M 2.1 - 45 km NW of Skwentna, Alaska","45 km NW of Skwentna, Alaska",2.1,https://earthquake.usgs.gov/earthquakes/eventpage/ak025dc7adi
359,"M 2.1 - 53 km W of Aleneva, Alaska","53 km W of Aleneva, Alaska",2.1,https://earthquake.usgs.gov/earthquakes/eventpage/ak025d96xrp
535,"M 2.1 - 31 km NE of Nikolski, Alaska","31 km NE of Nikolski, Alaska",2.1,https://earthquake.usgs.gov/earthquakes/eventpage/av93447181
1587,"M 2.1 - 11 km NE of Nellis Air Force Base, Nevada","11 km NE of Nellis Air Force Base, Nevada",2.1,https://earthquake.usgs.gov/earthquakes/eventpage/nn00891303
1400,"M 2.1 - 50 km S of Denali National Park, Alaska","50 km S of Denali National Park, Alaska",2.1,https://earthquake.usgs.gov/earthquakes/eventpage/ak0255bqv6m
766,"M 2.1 - 54 km SSW of Whites City, New Mexico","54 km SSW of Whites City, New Mexico",2.1,https://earthquake.usgs.gov/earthquakes/eventpage/tx2025ajyc
233,"M 2.1 - 38 km NW of Aleneva, Alaska","38 km NW of Aleneva, Alaska",2.1,https://earthquake.usgs.gov/earthquakes/eventpage/ak025dhctau
1272,"M 2.1 - 37 km NNW of Toyah, Texas","37 km NNW of Toyah, Texas",2.1,https://earthquake.usgs.gov/earthquakes/eventpage/tx2025aget
540,"M 2.1 - 12 km E of Pāhala, Hawaii","12 km E of Pāhala, Hawaii",2.09,https://earthquake.usgs.gov/earthquakes/eventpage/hv74586107
1384,"M 2.1 - 2 km WNW of Río Cañas Abajo, Puerto Rico","2 km WNW of Río Cañas Abajo, Puerto Rico",2.09,https://earthquake.usgs.gov/earthquakes/eventpage/pr71470108
27,"M 2.1 - 22 km NE of Pine Valley, CA","22 km NE of Pine Valley, CA",2.09,https://earthquake.usgs.gov/earthquakes/eventpage/ci40836479
567,"M 2.1 - 4 km WNW of La Parguera, Puerto Rico","4 km WNW of La Parguera, Puerto Rico",2.09,https://earthquake.usgs.gov/earthquakes/eventpage/pr71470318
1328,"M 2.1 - 11 km E of Pāhala, Hawaii","11 km E of Pāhala, Hawaii",2.07,https://earthquake.usgs.gov/earthquakes/eventpage/hv74583477
1318,"M 2.1 - 2 km NW of Estacion Coahuila, B.C., MX","2 km NW of Estacion Coahuila, B.C., MX",2.06,https://earthquake.usgs.gov/earthquakes/eventpage/ci40833615
1364,"M 2.0 - 38 km SE of Fort Irwin, CA","38 km SE of Fort Irwin, CA",2.03,https://earthquake.usgs.gov/earthquakes/eventpage/ci40833519
1069,"M 2.0 - 24 km E of Honaunau-Napoopoo, Hawaii","24 km E of Honaunau-Napoopoo, Hawaii",2.03,https://earthquake.usgs.gov/earthquakes/eventpage/hv74584482
1493,"M 2.0 - 4 km SW of Indios, Puerto Rico","4 km SW of Indios, Puerto Rico",2.02,https://earthquake.usgs.gov/earthquakes/eventpage/pr71470033
131,"M 2.0 - 7 km NE of Moreno Valley, CA","7 km NE of Moreno Valley, CA",2.01,https://earthquake.usgs.gov/earthquakes/eventpage/ci40836335
273,"M 2.0 - 13 km E of Puebla, B.C., MX","13 km E of Puebla, B.C., MX",2.01,https://earthquake.usgs.gov/earthquakes/eventpage/ci40835879
382,"M 2.0 - 7 km W of Petrolia, CA","7 km W of Petrolia, CA",2.01,https://earthquake.usgs.gov/earthquakes/eventpage/nc75114256
619,"M 2.0 - 17 km N of Chignik Lagoon, Alaska","17 km N of Chignik Lagoon, Alaska",2.0,https://earthquake.usgs.gov/earthquakes/eventpage/ak025blksp7
1454,"M 2.0 - 53 km SSW of Whites City, New Mexico","53 km SSW of Whites City, New Mexico",2.0,https://earthquake.usgs.gov/earthquakes/eventpage/tx2025afaj
334,"M 2.0 - 12 km E of Dilley, Texas","12 km E of Dilley, Texas",2.0,https://earthquake.usgs.gov/earthquakes/eventpage/tx2025ancj
1032,"M 2.0 - 50 km ESE of Pedro Bay, Alaska","50 km ESE of Pedro Bay, Alaska",2.0,https://earthquake.usgs.gov/earthquakes/eventpage/ak0258fxta4
58,"M 2.0 - 56 km S of Whites City, New Mexico","56 km S of Whites City, New Mexico",2.0,https://earthquake.usgs.gov/earthquakes/eventpage/tx2025apms
181,"M 2.0 - 71 km SE of Akutan, Alaska","71 km SE of Akutan, Alaska",2.0,https://earthquake.usgs.gov/earthquakes/eventpage/ak025dkuusx
182,"M 2.0 - 14 km NNW of Nanwalek, Alaska","14 km NNW of Nanwalek, Alaska",2.0,https://earthquake.usgs.gov/earthquakes/eventpage/ak025dku8qj
122,"M 2.0 - 57 km S of Whites City, New Mexico","57 km S of Whites City, New Mexico",2.0,https://earthquake.usgs.gov/earthquakes/eventpage/tx2025aoyc
355,"M 2.0 - 5 km WNW of Point MacKenzie, Alaska","5 km WNW of Point MacKenzie, Alaska",2.0,https://earthquake.usgs.gov/earthquakes/eventpage/ak025d9khgh
1438,"M 2.0 - 68 km ENE of Pedro Bay, Alaska","68 km ENE of Pedro Bay, Alaska",2.0,https://earthquake.usgs.gov/earthquakes/eventpage/ak02559y5lj
579,"M 2.0 - 25 km ENE of Chase, Alaska","25 km ENE of Chase, Alaska",2.0,https://earthquake.usgs.gov/earthquakes/eventpage/ak025bmsleq
1411,"M 2.0 - 64 km NNW of Skwentna, Alaska","64 km NNW of Skwentna, Alaska",2.0,https://earthquake.usgs.gov/earthquakes/eventpage/ak0255b8vee
1545,"M 2.0 - 36 km ESE of Pedro Bay, Alaska","36 km ESE of Pedro Bay, Alaska",2.0,https://earthquake.usgs.gov/earthquakes/eventpage/ak02553oxnn
881,"M 2.0 - 17 km ESE of Dilley, Texas","17 km ESE of Dilley, Texas",2.0,https://earthquake.usgs.gov/earthquakes/eventpage/tx2025ajgv
896,"M 2.0 - 2 km SE of Pāhala, Hawaii","2 km SE of Pāhala, Hawaii",2.0,https://earthquake.usgs.gov/earthquakes/eventpage/hv74585082
108,"M 2.0 - 52 km E of Pedro Bay, Alaska","52 km E of Pedro Bay, Alaska",2.0,https://earthquake.usgs.gov/earthquakes/eventpage/ak025eyyciy
101,"M 2.0 - 56 km S of Whites City, New Mexico","56 km S of Whites City, New Mexico",2.0,https://earthquake.usgs.gov/earthquakes/eventpage/tx2025apbx
847,"M 2.0 - 5 km ESE of Marysville, Montana","5 km ESE of Marysville, Montana",2.0,https://earthquake.usgs.gov/earthquakes/eventpage/mb90070123
984,"M 2.0 - 77 km N of Rachel, Nevada","77 km N of Rachel, Nevada",2.0,https://earthquake.usgs.gov/earthquakes/eventpage/nn00891426
1246,"M 2.0 - 38 km SE of Fort Irwin, CA","38 km SE of Fort Irwin, CA",2.0,https://earthquake.usgs.gov/earthquakes/eventpage/ci40833719
1015,"M 2.0 - 35 km NE of Paxson, Alaska","35 km NE of Paxson, Alaska",2.0,https://earthquake.usgs.gov/earthquakes/eventpage/ak0258hffjr
366,"M 2.0 - 21 km WNW of Pecos, Texas","21 km WNW of Pecos, Texas",2.0,https://earthquake.usgs.gov/earthquakes/eventpage/tx2025amxb
163,"M 2.0 - 4 km NNW of Houston, Alaska","4 km NNW of Houston, Alaska",2.0,https://earthquake.usgs.gov/earthquakes/eventpage/ak025dlkctw
1340,"M 2.0 - 7 km WSW of Skwentna, Alaska","7 km WSW of Skwentna, Alaska",2.0,https://earthquake.usgs.gov/earthquakes/eventpage/ak0256o826z
1718,"M 2.0 - 37 km NNW of Toyah, Texas","37 km NNW of Toyah, Texas",2.0,https://earthquake.usgs.gov/earthquakes/eventpage/tx2025adik
43,"M 2.0 - 50 km S of Whites City, New Mexico","50 km S of Whites City, New Mexico",2.0,https://earthquake.usgs.gov/earthquakes/eventpage/tx2025apre
249,"M 2.0 - 6 km NE of La Parguera, Puerto Rico","6 km NE of La Parguera, Puerto Rico",1.99,https://earthquake.usgs.gov/earthquakes/eventpage/pr71470433
1369,"M 2.0 - 2 km NW of Guayanilla, Puerto Rico","2 km NW of Guayanilla, Puerto Rico",1.99,https://earthquake.usgs.gov/earthquakes/eventpage/pr71470123
430,"M 2.0 - 7 km ENE of Running Springs, CA","7 km ENE of Running Springs, CA",1.99,https://earthquake.usgs.gov/earthquakes/eventpage/ci40835559
1324,"M 2.0 - 12 km ESE of Puebla, B.C., MX","12 km ESE of Puebla, B.C., MX",1.97,https://earthquake.usgs.gov/earthquakes/eventpage/ci40833599
287,"M 2.0 - 2 km NNE of Prattville, CA","2 km NNE of Prattville, CA",1.97,https://earthquake.usgs.gov/earthquakes/eventpage/nc75114431
1128,"M 2.0 - 10 km NE of Ocotillo Wells, CA","10 km NE of Ocotillo Wells, CA",1.96,https://earthquake.usgs.gov/earthquakes/eventpage/ci40833935
665,"M 2.0 - 7 km E of Vallejo, CA","7 km E of Vallejo, CA",1.96,https://earthquake.usgs.gov/earthquakes/eventpage/nc75113756
215,"M 2.0 - 5 km WSW of Liborio Negron Torres, Puerto Rico","5 km WSW of Liborio Negron Torres, Puerto Rico",1.96,https://earthquake.usgs.gov/earthquakes/eventpage/pr71470438
205,"M 2.0 - 13 km NW of Pawnee, Oklahoma","13 km NW of Pawnee, Oklahoma",1.95,https://earthquake.usgs.gov/earthquakes/eventpage/ok2025aoge
1560,"M 2.0 - 24 km NW of Stanley, Idaho","24 km NW of Stanley, Idaho",1.95,https://earthquake.usgs.gov/earthquakes/eventpage/mb90070053
1591,"M 2.0 - 7 km NNW of The Geysers, CA","7 km NNW of The Geysers, CA",1.95,https://earthquake.usgs.gov/earthquakes/eventpage/nc75112311
947,"M 1.9 - 10 km W of Mona, Utah","10 km W of Mona, Utah",1.94,https://earthquake.usgs.gov/earthquakes/eventpage/uu80099261
226,"M 1.9 Explosion - 3 km WSW of Cathlamet, Washington","3 km WSW of Cathlamet, Washington",1.94,https://earthquake.usgs.gov/earthquakes/eventpage/uw62061807
325,"M 1.9 - 2 km NNE of Aromas, CA","2 km NNE of Aromas, CA",1.94,https://earthquake.usgs.gov/earthquakes/eventpage/nc75114361
275,"M 1.9 - 3 km N of La Parguera, Puerto Rico","3 km N of La Parguera, Puerto Rico",1.93,https://earthquake.usgs.gov/earthquakes/eventpage/pr71470408
328,"M 1.9 - 27 km W of Petrolia, CA","27 km W of Petrolia, CA",1.92,https://earthquake.usgs.gov/earthquakes/eventpage/nc75114351
550,"M 1.9 - 6 km W of Progreso, B.C., MX","6 km W of Progreso, B.C., MX",1.92,https://earthquake.usgs.gov/earthquakes/eventpage/ci40835247
1178,"M 1.9 - 1 km W of Guayanilla, Puerto Rico","1 km W of Guayanilla, Puerto Rico",1.91,https://earthquake.usgs.gov/earthquakes/eventpage/pr71470143
608,"M 1.9 - 14 km ESE of Little Lake, CA","14 km ESE of Little Lake, CA",1.91,https://earthquake.usgs.gov/earthquakes/eventpage/ci40835135
1363,"M 1.9 - 12 km S of Fern Forest, Hawaii","12 km S of Fern Forest, Hawaii",1.91,https://earthquake.usgs.gov/earthquakes/eventpage/hv74583387
236,"M 1.9 - 2 km NW of The Geysers, CA","2 km NW of The Geysers, CA",1.91,https://earthquake.usgs.gov/earthquakes/eventpage/nc75114511
1702,"M 1.9 - 12 km SSE of Forsan, Texas","12 km SSE of Forsan, Texas",1.9,https://earthquake.usgs.gov/earthquakes/eventpage/tx2025adke
1133,"M 1.9 - 4 km ESE of Ontario, CA","4 km ESE of Ontario, CA",1.9,https://earthquake.usgs.gov/earthquakes/eventpage/ci40833927
6,"M 1.9 - 18 km S of Funny River, Alaska","18 km S of Funny River, Alaska",1.9,https://earthquake.usgs.gov/earthquakes/eventpage/ak025f601ty
263,"M 1.9 - 8 km SSW of Willow, Alaska","8 km SSW of Willow, Alaska",1.9,https://earthquake.usgs.gov/earthquakes/eventpage/ak025dfjpch
1489,"M 1.9 - 54 km S of Whites City, New Mexico","54 km S of Whites City, New Mexico",1.9,https://earthquake.usgs.gov/earthquakes/eventpage/tx2025aepr
1485,"M 1.9 - 60 km WNW of Ninilchik, Alaska","60 km WNW of Ninilchik, Alaska",1.9,https://earthquake.usgs.gov/earthquakes/eventpage/ak02556jf9n
341,"M 1.9 - 48 km E of Fort Bidwell, California","48 km E of Fort Bidwell, California",1.9,https://earthquake.usgs.gov/earthquakes/eventpage/nn00891601
333,"M 1.9 - 11 km S of Forsan, Texas","11 km S of Forsan, Texas",1.9,https://earthquake.usgs.gov/earthquakes/eventpage/tx2025anct
1668,"M 1.9 - 17 km NE of Yerington, Nevada","17 km NE of Yerington, Nevada",1.9,https://earthquake.usgs.gov/earthquakes/eventpage/nn00891271
1247,"M 1.9 - 33 km SE of Skwentna, Alaska","33 km SE of Skwentna, Alaska",1.9,https://earthquake.usgs.gov/earthquakes/eventpage/ak0256sr5en
969,"M 1.9 - 15 km NNE of Morgan Hill, CA","15 km NNE of Morgan Hill, CA",1.9,https://earthquake.usgs.gov/earthquakes/eventpage/nc75113186
327,"M 1.9 - 50 km NW of Valdez, Alaska","50 km NW of Valdez, Alaska",1.9,https://earthquake.usgs.gov/earthquakes/eventpage/ak025daxl30
1441,"M 1.9 - 54 km S of Whites City, New Mexico","54 km S of Whites City, New Mexico",1.9,https://earthquake.usgs.gov/earthquakes/eventpage/tx2025afbz
114,"M 1.9 - 18 km S of Westbrook, Texas","18 km S of Westbrook, Texas",1.9,https://earthquake.usgs.gov/earthquakes/eventpage/tx2025aozg
1435,"M 1.9 - 59 km NNE of Petersville, Alaska","59 km NNE of Petersville, Alaska",1.9,https://earthquake.usgs.gov/earthquakes/eventpage/ak0255a3m76
1026,"M 1.9 - 26 km NW of Tatitlek, Alaska","26 km NW of Tatitlek, Alaska",1.9,https://earthquake.usgs.gov/earthquakes/eventpage/ak0258gilvo
53,"M 1.9 - 9 km SE of Pearsall, Texas","9 km SE of Pearsall, Texas",1.9,https://earthquake.usgs.gov/earthquakes/eventpage/tx2025apnt
1162,"M 1.9 - 66 km NNE of Petersville, Alaska","66 km NNE of Petersville, Alaska",1.9,https://earthquake.usgs.gov/earthquakes/eventpage/ak0256y7osk
1455,"M 1.9 - 46 km E of Fort Bidwell, California","46 km E of Fort Bidwell, California",1.9,https://earthquake.usgs.gov/earthquakes/eventpage/nn00891365
1163,"M 1.9 - 16 km E of Nikiski, Alaska","16 km E of Nikiski, Alaska",1.9,https://earthquake.usgs.gov/earthquakes/eventpage/ak0256y5dxa
1424,"M 1.9 - 37 km NNW of Toyah, Texas","37 km NNW of Toyah, Texas",1.9,https://earthquake.usgs.gov/earthquakes/eventpage/tx2025afgb
1653,"M 1.9 - 55 km N of Indian Springs, Nevada","55 km N of Indian Springs, Nevada",1.9,https://earthquake.usgs.gov/earthquakes/eventpage/nn00891276
956,"M 1.9 - 64 km N of Petersville, Alaska","64 km N of Petersville, Alaska",1.9,https://earthquake.usgs.gov/earthquakes/eventpage/ak0258ki10g
952,"M 1.9 - 37 km NNW of Toyah, Texas","37 km NNW of Toyah, Texas",1.9,https://earthquake.usgs.gov/earthquakes/eventpage/tx2025aisl
454,"M 1.9 - 14 km SE of Pearsall, Texas","14 km SE of Pearsall, Texas",1.9,https://earthquake.usgs.gov/earthquakes/eventpage/tx2025amek
1403,"M 1.9 - 57 km SSE of Denali National Park, Alaska","57 km SSE of Denali National Park, Alaska",1.9,https://earthquake.usgs.gov/earthquakes/eventpage/ak0255bgutm
1407,"M 1.9 - 53 km WNW of Petersville, Alaska","53 km WNW of Petersville, Alaska",1.9,https://earthquake.usgs.gov/earthquakes/eventpage/ak0255bcsvh
895,"M 1.9 - 18 km E of Dilley, Texas","18 km E of Dilley, Texas",1.9,https://earthquake.usgs.gov/earthquakes/eventpage/tx2025ajed
1541,"M 1.9 - 13 km SW of Fairview, Wyoming","13 km SW of Fairview, Wyoming",1.9,https://earthquake.usgs.gov/earthquakes/eventpage/uu80099136
1425,"M 1.9 - 47 km SSE of Denali National Park, Alaska","47 km SSE of Denali National Park, Alaska",1.9,https://earthquake.usgs.gov/earthquakes/eventpage/ak0255arj9r
1434,"M 1.9 - 37 km NNW of Toyah, Texas","37 km NNW of Toyah, Texas",1.9,https://earthquake.usgs.gov/earthquakes/eventpage/tx2025afdw
960,"M 1.9 - 2 km NNE of Pinnacles, CA","2 km NNE of Pinnacles, CA",1.9,https://earthquake.usgs.gov/earthquakes/eventpage/nc75113211
1288,"M 1.9 - 49 km SSW of Skwentna, Alaska","49 km SSW of Skwentna, Alaska",1.9,https://earthquake.usgs.gov/earthquakes/eventpage/ak0256r2w7p
467,"M 1.9 - 51 km W of Anchor Point, Alaska","51 km W of Anchor Point, Alaska",1.9,https://earthquake.usgs.gov/earthquakes/eventpage/ak025bt6u7s
1599,"M 1.9 - 14 km NW of Fishhook, Alaska","14 km NW of Fishhook, Alaska",1.9,https://earthquake.usgs.gov/earthquakes/eventpage/ak025513uic
1331,"M 1.9 - 45 km WNW of Happy Valley, Alaska","45 km WNW of Happy Valley, Alaska",1.9,https://earthquake.usgs.gov/earthquakes/eventpage/ak0256ourj0
1575,"M 1.9 - 2 km SW of Hollister, CA","2 km SW of Hollister, CA",1.9,https://earthquake.usgs.gov/earthquakes/eventpage/nc75112351
803,"M 1.9 - 53 km NNE of Petersville, Alaska","53 km NNE of Petersville, Alaska",1.9,https://earthquake.usgs.gov/earthquakes/eventpage/ak025a1k85e
1375,"M 1.9 - 58 km NW of Toyah, Texas","58 km NW of Toyah, Texas",1.9,https://earthquake.usgs.gov/earthquakes/eventpage/tx2025aflv
11,"M 1.9 - 56 km E of Pedro Bay, Alaska","56 km E of Pedro Bay, Alaska",1.9,https://earthquake.usgs.gov/earthquakes/eventpage/ak025f5ob2k
1327,"M 1.9 - 2 km NW of Kenilworth, Utah","2 km NW of Kenilworth, Utah",1.89,https://earthquake.usgs.gov/earthquakes/eventpage/uu80099166
655,"M 1.9 - 26 km NE of Thermal, CA","26 km NE of Thermal, CA",1.89,https://earthquake.usgs.gov/earthquakes/eventpage/ci40834983
561,"M 1.9 - 1 km NNW of The Geysers, CA","1 km NNW of The Geysers, CA",1.89,https://earthquake.usgs.gov/earthquakes/eventpage/nc75113921
214,"M 1.9 - 46 km SSE of Mammoth, Wyoming","46 km SSE of Mammoth, Wyoming",1.88,https://earthquake.usgs.gov/earthquakes/eventpage/uu80099386
431,"M 1.9 - 23 km NW of Grapevine, CA","23 km NW of Grapevine, CA",1.88,https://earthquake.usgs.gov/earthquakes/eventpage/ci40835527
1274,"M 1.9 - 14 km S of Volcano, Hawaii","14 km S of Volcano, Hawaii",1.88,https://earthquake.usgs.gov/earthquakes/eventpage/hv74583572
23,"M 1.9 - 2 km NW of The Geysers, CA","2 km NW of The Geysers, CA",1.88,https://earthquake.usgs.gov/earthquakes/eventpage/nc75114906
1279,"M 1.9 - 0 km NNW of Kenilworth, Utah","0 km NNW of Kenilworth, Utah",1.88,https://earthquake.usgs.gov/earthquakes/eventpage/uu80099201
554,"M 1.9 - 26 km NE of Thermal, CA","26 km NE of Thermal, CA",1.87,https://earthquake.usgs.gov/earthquakes/eventpage/ci40835231
631,"M 1.9 - 20 km WNW of Stanley, Idaho","20 km WNW of Stanley, Idaho",1.86,https://earthquake.usgs.gov/earthquakes/eventpage/mb90070373
265,"M 1.9 - 4 km NNW of Jenkinsville, South Carolina","4 km NNW of Jenkinsville, South Carolina",1.86,https://earthquake.usgs.gov/earthquakes/eventpage/se60502883
198,"M 1.9 Quarry Blast - 6 km ENE of Butte, Montana","6 km ENE of Butte, Montana",1.86,https://earthquake.usgs.gov/earthquakes/eventpage/mb90070493
63,"M 1.9 - 7 km W of Daly City, CA","7 km W of Daly City, CA",1.86,https://earthquake.usgs.gov/earthquakes/eventpage/nc75114856
805,"M 1.9 - 14 km S of Fern Forest, Hawaii","14 km S of Fern Forest, Hawaii",1.85,https://earthquake.usgs.gov/earthquakes/eventpage/hv74585387
347,"M 1.9 - 6 km SW of Volcano, Hawaii","6 km SW of Volcano, Hawaii",1.85,https://earthquake.usgs.gov/earthquakes/eventpage/hv74586842
428,"M 1.9 - 6 km WNW of Cobb, CA","6 km WNW of Cobb, CA",1.85,https://earthquake.usgs.gov/earthquakes/eventpage/nc75114161
629,"M 1.8 - 26 km NE of Thermal, CA","26 km NE of Thermal, CA",1.84,https://earthquake.usgs.gov/earthquakes/eventpage/ci40835111
856,"M 1.8 - 1 km NW of Kenilworth, Utah","1 km NW of Kenilworth, Utah",1.84,https://earthquake.usgs.gov/earthquakes/eventpage/uu80099276
77,"M 1.8 - 1 km SSW of Inglewood, CA","1 km SSW of Inglewood, CA",1.84,https://earthquake.usgs.gov/earthquakes/eventpage/ci40836391
1625,"M 1.8 - 7 km S of Volcano, Hawaii","7 km S of Volcano, Hawaii",1.83,https://earthquake.usgs.gov/earthquakes/eventpage/hv74582787
1352,"M 1.8 - 13 km W of Toms Place, CA","13 km W of Toms Place, CA",1.82,https://earthquake.usgs.gov/earthquakes/eventpage/nc75112686
1273,"M 1.8 - 9 km SSW of Volcano, Hawaii","9 km SSW of Volcano, Hawaii",1.81,https://earthquake.usgs.gov/earthquakes/eventpage/hv74583577
879,"M 1.8 - 42 km E of Denali National Park, Alaska","42 km E of Denali National Park, Alaska",1.8,https://earthquake.usgs.gov/earthquakes/eventpage/ak0259yhma0
1552,"M 1.8 - 18 km ENE of Willow, Alaska","18 km ENE of Willow, Alaska",1.8,https://earthquake.usgs.gov/earthquakes/eventpage/ak02553hu7e
455,"M 1.8 - 20 km NW of Schurz, Nevada","20 km NW of Schurz, Nevada",1.8,https://earthquake.usgs.gov/earthquakes/eventpage/nn00891525
211,"M 1.8 - 2 km NNW of Kenilworth, Utah","2 km NNW of Kenilworth, Utah",1.8,https://earthquake.usgs.gov/earthquakes/eventpage/uu80099391
1418,"M 1.8 - 33 km NW of Nikiski, Alaska","33 km NW of Nikiski, Alaska",1.8,https://earthquake.usgs.gov/earthquakes/eventpage/ak0255b59ut
1732,"M 1.8 - 55 km S of Whites City, New Mexico","55 km S of Whites City, New Mexico",1.8,https://earthquake.usgs.gov/earthquakes/eventpage/tx2025adhl
1404,"M 1.8 - 58 km SE of Denali National Park, Alaska","58 km SE of Denali National Park, Alaska",1.8,https://earthquake.usgs.gov/earthquakes/eventpage/ak0255bgmxa
1090,"M 1.8 - 63 km WNW of Beluga, Alaska","63 km WNW of Beluga, Alaska",1.8,https://earthquake.usgs.gov/earthquakes/eventpage/ak0258cv06n
716,"M 1.8 - 26 km NNW of Nikiski, Alaska","26 km NNW of Nikiski, Alaska",1.8,https://earthquake.usgs.gov/earthquakes/eventpage/ak025a6e1jb
1444,"M 1.8 - 38 km SSE of Goldfield, Nevada","38 km SSE of Goldfield, Nevada",1.8,https://earthquake.usgs.gov/earthquakes/eventpage/nn00891344
1674,"M 1.8 - 54 km WSW of Tatitlek, Alaska","54 km WSW of Tatitlek, Alaska",1.8,https://earthquake.usgs.gov/earthquakes/eventpage/ak0253oscfv
1440,"M 1.8 - 33 km ESE of Balmorhea, Texas","33 km ESE of Balmorhea, Texas",1.8,https://earthquake.usgs.gov/earthquakes/eventpage/tx2025afce
1448,"M 1.8 - 37 km SSE of Goldfield, Nevada","37 km SSE of Goldfield, Nevada",1.8,https://earthquake.usgs.gov/earthquakes/eventpage/nn00891338
1028,"M 1.8 - 37 km NNE of Chase, Alaska","37 km NNE of Chase, Alaska",1.8,https://earthquake.usgs.gov/earthquakes/eventpage/ak0258ggg7v
119,"M 1.8 - 15 km W of Anchor Point, Alaska","15 km W of Anchor Point, Alaska",1.8,https://earthquake.usgs.gov/earthquakes/eventpage/ak025ey9gw0
180,"M 1.8 - 37 km SSE of Goldfield, Nevada","37 km SSE of Goldfield, Nevada",1.8,https://earthquake.usgs.gov/earthquakes/eventpage/nn00891609
676,"M 1.8 - 48 km E of Fort Bidwell, California","48 km E of Fort Bidwell, California",1.8,https://earthquake.usgs.gov/earthquakes/eventpage/nn00891497
281,"M 1.8 - 55 km S of Cantwell, Alaska","55 km S of Cantwell, Alaska",1.8,https://earthquake.usgs.gov/earthquakes/eventpage/ak025de9rgb
1134,"M 1.8 - 8 km WNW of Happy Valley, Alaska","8 km WNW of Happy Valley, Alaska",1.8,https://earthquake.usgs.gov/earthquakes/eventpage/ak02589vu3p
1044,"M 1.8 - 23 km WNW of Fishhook, Alaska","23 km WNW of Fishhook, Alaska",1.8,https://earthquake.usgs.gov/earthquakes/eventpage/ak0258f3774
1490,"M 1.8 - 55 km S of Whites City, New Mexico","55 km S of Whites City, New Mexico",1.8,https://earthquake.usgs.gov/earthquakes/eventpage/tx2025aepp
315,"M 1.8 - 12 km W of Point Possession, Alaska","12 km W of Point Possession, Alaska",1.8,https://earthquake.usgs.gov/earthquakes/eventpage/ak025dc708g
335,"M 1.8 - 22 km E of Beluga, Alaska","22 km E of Beluga, Alaska",1.8,https://earthquake.usgs.gov/earthquakes/eventpage/ak025daf5yw
738,"M 1.8 - 58 km S of Denali National Park, Alaska","58 km S of Denali National Park, Alaska",1.8,https://earthquake.usgs.gov/earthquakes/eventpage/ak025a56ihg
576,"M 1.8 - 6 km SE of Pearsall, Texas","6 km SE of Pearsall, Texas",1.8,https://earthquake.usgs.gov/earthquakes/eventpage/tx2025alhc
1229,"M 1.8 - 53 km SSE of Denali National Park, Alaska","53 km SSE of Denali National Park, Alaska",1.8,https://earthquake.usgs.gov/earthquakes/eventpage/ak0256twri9
700,"M 1.8 - 11 km ESE of Alum Rock, CA","11 km ESE of Alum Rock, CA",1.8,https://earthquake.usgs.gov/earthquakes/eventpage/nc75113666
1635,"M 1.8 - 41 km SSW of Skwentna, Alaska","41 km SSW of Skwentna, Alaska",1.8,https://earthquake.usgs.gov/earthquakes/eventpage/ak0254zvknq
1258,"M 1.8 - 49 km SSE of Whites City, New Mexico","49 km SSE of Whites City, New Mexico",1.8,https://earthquake.usgs.gov/earthquakes/eventpage/tx2025aghb
703,"M 1.8 - 31 km S of Denali National Park, Alaska","31 km S of Denali National Park, Alaska",1.8,https://earthquake.usgs.gov/earthquakes/eventpage/ak025a7dcnp
1713,"M 1.8 - 36 km NNW of Toyah, Texas","36 km NNW of Toyah, Texas",1.8,https://earthquake.usgs.gov/earthquakes/eventpage/tx2025adje
1345,"M 1.8 - 15 km SSE of Sunrise, Alaska","15 km SSE of Sunrise, Alaska",1.8,https://earthquake.usgs.gov/earthquakes/eventpage/ak0256nnq9m
867,"M 1.8 - 19 km NNE of Pāhala, Hawaii","19 km NNE of Pāhala, Hawaii",1.8,https://earthquake.usgs.gov/earthquakes/eventpage/hv74585162
45,"M 1.8 - 16 km W of Susitna, Alaska","16 km W of Susitna, Alaska",1.8,https://earthquake.usgs.gov/earthquakes/eventpage/ak025f3luig
26,"M 1.8 - 44 km SE of Denali National Park, Alaska","44 km SE of Denali National Park, Alaska",1.8,https://earthquake.usgs.gov/earthquakes/eventpage/ak025f4zl5k
219,"M 1.8 - 33 km NE of Gail, Texas","33 km NE of Gail, Texas",1.8,https://earthquake.usgs.gov/earthquakes/eventpage/tx2025aoco
1621,"M 1.8 - 57 km SW of Skwentna, Alaska","57 km SW of Skwentna, Alaska",1.8,https://earthquake.usgs.gov/earthquakes/eventpage/ak0255025y4
1161,"M 1.8 - 50 km ENE of Chase, Alaska","50 km ENE of Chase, Alaska",1.8,https://earthquake.usgs.gov/earthquakes/eventpage/ak0256ycv8b
526,"M 1.8 - 3 km W of Cobb, CA","3 km W of Cobb, CA",1.79,https://earthquake.usgs.gov/earthquakes/eventpage/nc75113976
861,"M 1.8 - 12 km SSE of Volcano, Hawaii","12 km SSE of Volcano, Hawaii",1.79,https://earthquake.usgs.gov/earthquakes/eventpage/hv74585177
1295,"M 1.8 - 11 km NNE of Pāhala, Hawaii","11 km NNE of Pāhala, Hawaii",1.79,https://earthquake.usgs.gov/earthquakes/eventpage/hv74583527
531,"M 1.8 - 7 km ENE of Lake Roesiger, Washington","7 km ENE of Lake Roesiger, Washington",1.78,https://earthquake.usgs.gov/earthquakes/eventpage/uw62061632
816,"M 1.8 - 24 km E of Maricopa, CA","24 km E of Maricopa, CA",1.77,https://earthquake.usgs.gov/earthquakes/eventpage/ci40834391
450,"M 1.8 - 2 km W of Point Roberts, Washington","2 km W of Point Roberts, Washington",1.75,https://earthquake.usgs.gov/earthquakes/eventpage/uw62061652
370,"M 1.8 - 5 km WNW of Deer Island, Oregon","5 km WNW of Deer Island, Oregon",1.75,https://earthquake.usgs.gov/earthquakes/eventpage/uw62061722
242,"M 1.8 - 2 km WNW of Kenilworth, Utah","2 km WNW of Kenilworth, Utah",1.75,https://earthquake.usgs.gov/earthquakes/eventpage/uu80099381
358,"M 1.7 - 3 km ENE of Buckley, Washington","3 km ENE of Buckley, Washington",1.74,https://earthquake.usgs.gov/earthquakes/eventpage/uw62061732
1401,"M 1.7 Quarry Blast - 7 km SSE of Home Gardens, CA","7 km SSE of Home Gardens, CA",1.74,https://earthquake.usgs.gov/earthquakes/eventpage/ci40833423
1476,"M 1.7 - 10 km N of Alton, Utah","10 km N of Alton, Utah",1.73,https://earthquake.usgs.gov/earthquakes/eventpage/uu80099146
720,"M 1.7 - 3 km E of The Geysers, CA","3 km E of The Geysers, CA",1.73,https://earthquake.usgs.gov/earthquakes/eventpage/nc75113611
866,"M 1.7 - 22 km W of Sitka, Alaska","22 km W of Sitka, Alaska",1.73,https://earthquake.usgs.gov/earthquakes/eventpage/av93445951
951,"M 1.7 - 8 km S of Redlands, CA","8 km S of Redlands, CA",1.73,https://earthquake.usgs.gov/earthquakes/eventpage/ci40834143
1070,"M 1.7 - 8 km NNW of Healdsburg, CA","8 km NNW of Healdsburg, CA",1.73,https://earthquake.usgs.gov/earthquakes/eventpage/nc75113016
240,"M 1.7 - 20 km WSW of Pepeekeo, Hawaii","20 km WSW of Pepeekeo, Hawaii",1.72000003,https://earthquake.usgs.gov/earthquakes/eventpage/hv74587257
1071,"M 1.7 - 14 km N of Leon, Oklahoma","14 km N of Leon, Oklahoma",1.72,https://earthquake.usgs.gov/earthquakes/eventpage/ok2025ahwc
527,"M 1.7 - 12 km ENE of Hidden Valley Lake, CA","12 km ENE of Hidden Valley Lake, CA",1.72,https://earthquake.usgs.gov/earthquakes/eventpage/nc75113971
1406,"M 1.7 - 13 km SE of Middletown, CA","13 km SE of Middletown, CA",1.72,https://earthquake.usgs.gov/earthquakes/eventpage/nc75112601
908,"M 1.7 - 5 km NW of Cobb, CA","5 km NW of Cobb, CA",1.71,https://earthquake.usgs.gov/earthquakes/eventpage/nc75113311
1115,"M 1.7 - 57 km NW of Toyah, Texas","57 km NW of Toyah, Texas",1.7,https://earthquake.usgs.gov/earthquakes/eventpage/tx2025ahnr
301,"M 1.7 - 17 km NE of Yerington, Nevada","17 km NE of Yerington, Nevada",1.7,https://earthquake.usgs.gov/earthquakes/eventpage/nn00891581
97,"M 1.7 - 55 km SSW of Whites City, New Mexico","55 km SSW of Whites City, New Mexico",1.7,https://earthquake.usgs.gov/earthquakes/eventpage/tx2025apci
300,"M 1.7 - 16 km SSE of Susitna, Alaska","16 km SSE of Susitna, Alaska",1.7,https://earthquake.usgs.gov/earthquakes/eventpage/ak025dd5x97
1714,"M 1.7 - 54 km S of Whites City, New Mexico","54 km S of Whites City, New Mexico",1.7,https://earthquake.usgs.gov/earthquakes/eventpage/tx2025adiz
824,"M 1.7 - 57 km WSW of Cantwell, Alaska","57 km WSW of Cantwell, Alaska",1.7,https://earthquake.usgs.gov/earthquakes/eventpage/ak025a090sw
483,"M 1.7 - 21 km NE of Yerington, Nevada","21 km NE of Yerington, Nevada",1.7,https://earthquake.usgs.gov/earthquakes/eventpage/nn00891517
44,"M 1.7 - 56 km S of Whites City, New Mexico","56 km S of Whites City, New Mexico",1.7,https://earthquake.usgs.gov/earthquakes/eventpage/tx2025apqx
47,"M 1.7 - 59 km NW of Tatitlek, Alaska","59 km NW of Tatitlek, Alaska",1.7,https://earthquake.usgs.gov/earthquakes/eventpage/ak025f3krel
1601,"M 1.7 - 21 km SW of Trapper Creek, Alaska","21 km SW of Trapper Creek, Alaska",1.7,https://earthquake.usgs.gov/earthquakes/eventpage/ak025510fm1
1393,"M 1.7 - 14 km S of Nixon, Texas","14 km S of Nixon, Texas",1.7,https://earthquake.usgs.gov/earthquakes/eventpage/tx2025afjv
779,"M 1.7 - 22 km N of Fishhook, Alaska","22 km N of Fishhook, Alaska",1.7,https://earthquake.usgs.gov/earthquakes/eventpage/ak025a2r3wp
782,"M 1.7 - 55 km N of Chickaloon, Alaska","55 km N of Chickaloon, Alaska",1.7,https://earthquake.usgs.gov/earthquakes/eventpage/ak025a2oiku
1285,"M 1.7 - 16 km WSW of Big Lake, Alaska","16 km WSW of Big Lake, Alaska",1.7,https://earthquake.usgs.gov/earthquakes/eventpage/ak0256r5pnu
1426,"M 1.7 - 37 km NNW of Toyah, Texas","37 km NNW of Toyah, Texas",1.7,https://earthquake.usgs.gov/earthquakes/eventpage/tx2025affx
1319,"M 1.7 - 37 km NNW of Toyah, Texas","37 km NNW of Toyah, Texas",1.7,https://earthquake.usgs.gov/earthquakes/eventpage/tx2025afxp
216,"M 1.7 - 24 km WNW of Nikiski, Alaska","24 km WNW of Nikiski, Alaska",1.7,https://earthquake.usgs.gov/earthquakes/eventpage/ak025dimk1t
72,"M 1.7 - 24 km NNE of Point Possession, Alaska","24 km NNE of Point Possession, Alaska",1.7,https://earthquake.usgs.gov/earthquakes/eventpage/ak025f0q7ep
1606,"M 1.7 - 53 km W of Mentone, Texas","53 km W of Mentone, Texas",1.7,https://earthquake.usgs.gov/earthquakes/eventpage/tx2025adxx
898,"M 1.7 - 7 km W of Snyder, Texas","7 km W of Snyder, Texas",1.7,https://earthquake.usgs.gov/earthquakes/eventpage/tx2025ajdt
1290,"M 1.7 - 113 km S of McCarthy, Alaska","113 km S of McCarthy, Alaska",1.7,https://earthquake.usgs.gov/earthquakes/eventpage/ak0256r2heo
174,"M 1.7 - 37 km SSE of Goldfield, Nevada","37 km SSE of Goldfield, Nevada",1.7,https://earthquake.usgs.gov/earthquakes/eventpage/nn00891616
965,"M 1.7 - 17 km NE of Yerington, Nevada","17 km NE of Yerington, Nevada",1.7,https://earthquake.usgs.gov/earthquakes/eventpage/nn00891439
1268,"M 1.7 - 46 km NW of Toyah, Texas","46 km NW of Toyah, Texas",1.7,https://earthquake.usgs.gov/earthquakes/eventpage/tx2025agfg
1231,"M 1.7 - 17 km SE of Yosemite Valley, CA","17 km SE of Yosemite Valley, CA",1.7,https://earthquake.usgs.gov/earthquakes/eventpage/nc75112821
172,"M 1.7 - 80 km NNE of Chickaloon, Alaska","80 km NNE of Chickaloon, Alaska",1.7,https://earthquake.usgs.gov/earthquakes/eventpage/ak025dl0uz9
1199,"M 1.7 - 35 km NE of Paxson, Alaska","35 km NE of Paxson, Alaska",1.7,https://earthquake.usgs.gov/earthquakes/eventpage/ak0256veriz
694,"M 1.7 - 7 km W of Lindsay, Texas","7 km W of Lindsay, Texas",1.7,https://earthquake.usgs.gov/earthquakes/eventpage/tx2025akmz
1222,"M 1.7 - 27 km SSE of Skwentna, Alaska","27 km SSE of Skwentna, Alaska",1.7,https://earthquake.usgs.gov/earthquakes/eventpage/ak0256uj6av
1057,"M 1.7 - 78 km N of Rachel, Nevada","78 km N of Rachel, Nevada",1.7,https://earthquake.usgs.gov/earthquakes/eventpage/nn00891413
1681,"M 1.7 - 34 km SSE of Midland, Texas","34 km SSE of Midland, Texas",1.7,https://earthquake.usgs.gov/earthquakes/eventpage/tx2025adoe
247,"M 1.7 - 17 km WSW of Trapper Creek, Alaska","17 km WSW of Trapper Creek, Alaska",1.7,https://earthquake.usgs.gov/earthquakes/eventpage/ak025dgpy97
251,"M 1.7 - 30 km SW of Petersville, Alaska","30 km SW of Petersville, Alaska",1.7,https://earthquake.usgs.gov/earthquakes/eventpage/ak025dgd2dc
1000,"M 1.7 - 20 km N of Fishhook, Alaska","20 km N of Fishhook, Alaska",1.7,https://earthquake.usgs.gov/earthquakes/eventpage/ak0258ic6fz
269,"M 1.7 - 36 km NE of Paxson, Alaska","36 km NE of Paxson, Alaska",1.7,https://earthquake.usgs.gov/earthquakes/eventpage/ak025df4uh4
1175,"M 1.7 - 37 km NNW of Toyah, Texas","37 km NNW of Toyah, Texas",1.7,https://earthquake.usgs.gov/earthquakes/eventpage/tx2025agxt
312,"M 1.7 - 8 km NNW of Big Lake, Alaska","8 km NNW of Big Lake, Alaska",1.7,https://earthquake.usgs.gov/earthquakes/eventpage/ak025dcn5ka
1092,"M 1.7 - 58 km ENE of Susitna North, Alaska","58 km ENE of Susitna North, Alaska",1.7,https://earthquake.usgs.gov/earthquakes/eventpage/ak0258cok9y
1144,"M 1.7 - 7 km N of Point Possession, Alaska","7 km N of Point Possession, Alaska",1.7,https://earthquake.usgs.gov/earthquakes/eventpage/ak0256zv8of
1109,"M 1.7 - 36 km NW of Toyah, Texas","36 km NW of Toyah, Texas",1.7,https://earthquake.usgs.gov/earthquakes/eventpage/tx2025ahom
1174,"M 1.7 - 15 km NE of Yerington, Nevada","15 km NE of Yerington, Nevada",1.7,https://earthquake.usgs.gov/earthquakes/eventpage/nn00891395
276,"M 1.7 - 7 km SSW of Willow, Alaska","7 km SSW of Willow, Alaska",1.7,https://earthquake.usgs.gov/earthquakes/eventpage/ak025dewy0i
632,"M 1.7 - 12 km ENE of Fox, Alaska","12 km ENE of Fox, Alaska",1.7,https://earthquake.usgs.gov/earthquakes/eventpage/ak025bkz0br
615,"M 1.7 - 17 km NE of Yerington, Nevada","17 km NE of Yerington, Nevada",1.7,https://earthquake.usgs.gov/earthquakes/eventpage/nn00891503
649,"M 1.7 - 5 km SSE of Gardendale, Texas","5 km SSE of Gardendale, Texas",1.7,https://earthquake.usgs.gov/earthquakes/eventpage/tx2025akvf
1190,"M 1.7 - 4 km W of Cobb, CA","4 km W of Cobb, CA",1.68,https://earthquake.usgs.gov/earthquakes/eventpage/nc75112881
71,"M 1.7 - 14 km SSE of Santa Barbara, CA","14 km SSE of Santa Barbara, CA",1.68,https://earthquake.usgs.gov/earthquakes/eventpage/ci40836407
438,"M 1.7 - 2 km SSE of San Germán, Puerto Rico","2 km SSE of San Germán, Puerto Rico",1.68,https://earthquake.usgs.gov/earthquakes/eventpage/pr71470353
1717,"M 1.7 - 38 km WSW of Ludlow, CA","38 km WSW of Ludlow, CA",1.67,https://earthquake.usgs.gov/earthquakes/eventpage/ci40832495
1730,"M 1.7 - 44 km NNW of Los Algodones, B.C., MX","44 km NNW of Los Algodones, B.C., MX",1.67,https://earthquake.usgs.gov/earthquakes/eventpage/ci40832455
1652,"M 1.7 - 2 km N of Enetai, Washington","2 km N of Enetai, Washington",1.67,https://earthquake.usgs.gov/earthquakes/eventpage/uw62069566
457,"M 1.7 - 5 km WNW of The Geysers, CA","5 km WNW of The Geysers, CA",1.67,https://earthquake.usgs.gov/earthquakes/eventpage/nc75114071
808,"M 1.7 - 2 km N of Bryant, Washington","2 km N of Bryant, Washington",1.67,https://earthquake.usgs.gov/earthquakes/eventpage/uw62061532
259,"M 1.7 - 6 km NNW of The Geysers, CA","6 km NNW of The Geysers, CA",1.66,https://earthquake.usgs.gov/earthquakes/eventpage/nc75114476
369,"M 1.7 - 5 km NNW of The Geysers, CA","5 km NNW of The Geysers, CA",1.65,https://earthquake.usgs.gov/earthquakes/eventpage/nc75114276
817,"M 1.7 - 5 km NW of The Geysers, CA","5 km NW of The Geysers, CA",1.65,https://earthquake.usgs.gov/earthquakes/eventpage/nc75113461
88,"M 1.7 - 3 km S of Utuado, Puerto Rico","3 km S of Utuado, Puerto Rico",1.65,https://earthquake.usgs.gov/earthquakes/eventpage/pr71470483
346,"M 1.7 - 6 km NNW of Smiths Ferry, Idaho","6 km NNW of Smiths Ferry, Idaho",1.65,https://earthquake.usgs.gov/earthquakes/eventpage/mb90070538
1344,"M 1.6 - 13 km SSW of East Hope, Idaho","13 km SSW of East Hope, Idaho",1.64,https://earthquake.usgs.gov/earthquakes/eventpage/mb90070218
1428,"M 1.6 Explosion - 7 km SW of Dayton, Washington","7 km SW of Dayton, Washington",1.6300000000000001,https://earthquake.usgs.gov/earthquakes/eventpage/uw62069606
752,"M 1.6 - 38 km ENE of Trona, CA","38 km ENE of Trona, CA",1.63,https://earthquake.usgs.gov/earthquakes/eventpage/ci40834479
1519,"M 1.6 - 19 km W of Delta, B.C., MX","19 km W of Delta, B.C., MX",1.62,https://earthquake.usgs.gov/earthquakes/eventpage/ci40832975
1678,"M 1.6 - 3 km ENE of Moreno Valley, CA","3 km ENE of Moreno Valley, CA",1.61,https://earthquake.usgs.gov/earthquakes/eventpage/ci40832647
104,"M 1.6 - 14 km NNE of Marysville, Montana","14 km NNE of Marysville, Montana",1.61,https://earthquake.usgs.gov/earthquakes/eventpage/mb90070553
1136,"M 1.6 - 19 km NNW of Leadore, Idaho","19 km NNW of Leadore, Idaho",1.61,https://earthquake.usgs.gov/earthquakes/eventpage/mb90070113
1111,"M 1.6 - 56 km WSW of Adak, Alaska","56 km WSW of Adak, Alaska",1.61,https://earthquake.usgs.gov/earthquakes/eventpage/av93445006
113,"M 1.6 - 17 km E of Beluga, Alaska","17 km E of Beluga, Alaska",1.6,https://earthquake.usgs.gov/earthquakes/eventpage/ak025eyf0hp
1055,"M 1.6 - 64 km WNW of Beluga, Alaska","64 km WNW of Beluga, Alaska",1.6,https://earthquake.usgs.gov/earthquakes/eventpage/ak0258en288
2,"M 1.6 - 19 km W of Ninilchik, Alaska","19 km W of Ninilchik, Alaska",1.6,https://earthquake.usgs.gov/earthquakes/eventpage/ak025f66o2x
1470,"M 1.6 - 27 km SSW of Glacier View, Alaska","27 km SSW of Glacier View, Alaska",1.6,https://earthquake.usgs.gov/earthquakes/eventpage/ak025578fcx
1460,"M 1.6 - 23 km W of Minto, Alaska","23 km W of Minto, Alaska",1.6,https://earthquake.usgs.gov/earthquakes/eventpage/ak02558fjok
1703,"M 1.6 - 26 km WSW of Tyonek, Alaska","26 km WSW of Tyonek, Alaska",1.6,https://earthquake.usgs.gov/earthquakes/eventpage/ak0253n5x0g
1172,"M 1.6 - 16 km NE of Yerington, Nevada","16 km NE of Yerington, Nevada",1.6,https://earthquake.usgs.gov/earthquakes/eventpage/nn00891398
343,"M 1.6 - 48 km E of Fort Bidwell, California","48 km E of Fort Bidwell, California",1.6,https://earthquake.usgs.gov/earthquakes/eventpage/nn00891602
1160,"M 1.6 - 34 km WNW of Ninilchik, Alaska","34 km WNW of Ninilchik, Alaska",1.6,https://earthquake.usgs.gov/earthquakes/eventpage/ak0256ypjau
193,"M 1.6 - 21 km SSW of Susitna, Alaska","21 km SSW of Susitna, Alaska",1.6,https://earthquake.usgs.gov/earthquakes/eventpage/ak025dkc66i
250,"M 1.6 - 5 km E of Big Lake, Alaska","5 km E of Big Lake, Alaska",1.6,https://earthquake.usgs.gov/earthquakes/eventpage/ak025dgnqm8
348,"M 1.6 - 22 km WNW of Willow, Alaska","22 km WNW of Willow, Alaska",1.6,https://earthquake.usgs.gov/earthquakes/eventpage/ak025d9toz8
1232,"M 1.6 - 59 km SSE of Denali National Park, Alaska","59 km SSE of Denali National Park, Alaska",1.6,https://earthquake.usgs.gov/earthquakes/eventpage/ak0256tiu6b
396,"M 1.6 - 56 km S of Whites City, New Mexico","56 km S of Whites City, New Mexico",1.6,https://earthquake.usgs.gov/earthquakes/eventpage/tx2025amqw
1017,"M 1.6 - 61 km S of Whites City, New Mexico","61 km S of Whites City, New Mexico",1.6,https://earthquake.usgs.gov/earthquakes/eventpage/tx2025aihm
378,"M 1.6 - 19 km SE of Spanish Springs, Nevada","19 km SE of Spanish Springs, Nevada",1.6,https://earthquake.usgs.gov/earthquakes/eventpage/nn00891571
975,"M 1.6 - 55 km S of Whites City, New Mexico","55 km S of Whites City, New Mexico",1.6,https://earthquake.usgs.gov/earthquakes/eventpage/tx2025aiqc
985,"M 1.6 - 21 km ESE of Tres Pinos, CA","21 km ESE of Tres Pinos, CA",1.6,https://earthquake.usgs.gov/earthquakes/eventpage/nc75113151
663,"M 1.6 - 46 km NW of Rampart, Alaska","46 km NW of Rampart, Alaska",1.6,https://earthquake.usgs.gov/earthquakes/eventpage/ak025a9cpcp
690,"M 1.6 - 47 km NW of Toyah, Texas","47 km NW of Toyah, Texas",1.6,https://earthquake.usgs.gov/earthquakes/eventpage/tx2025aknd
142,"M 1.6 - 12 km E of Hawthorne, Nevada","12 km E of Hawthorne, Nevada",1.6,https://earthquake.usgs.gov/earthquakes/eventpage/nn00891623
243,"M 1.6 - 17 km NE of Yerington, Nevada","17 km NE of Yerington, Nevada",1.6,https://earthquake.usgs.gov/earthquakes/eventpage/nn00891586
1227,"M 1.6 - 6 km SSW of Willow, Alaska","6 km SSW of Willow, Alaska",1.6,https://earthquake.usgs.gov/earthquakes/eventpage/ak0256tz921
1690,"M 1.6 - 35 km NNW of Valdez, Alaska","35 km NNW of Valdez, Alaska",1.6,https://earthquake.usgs.gov/earthquakes/eventpage/ak0253noxyq
332,"M 1.6 - 14 km NNE of Point Possession, Alaska","14 km NNE of Point Possession, Alaska",1.6,https://earthquake.usgs.gov/earthquakes/eventpage/ak025dariox
1197,"M 1.6 - 34 km SSE of Denali National Park, Alaska","34 km SSE of Denali National Park, Alaska",1.6,https://earthquake.usgs.gov/earthquakes/eventpage/ak0256vtixf
626,"M 1.6 - 35 km WSW of Ackerly, Texas","35 km WSW of Ackerly, Texas",1.6,https://earthquake.usgs.gov/earthquakes/eventpage/tx2025albh
187,"M 1.6 - 8 km WNW of Petersville, Alaska","8 km WNW of Petersville, Alaska",1.6,https://earthquake.usgs.gov/earthquakes/eventpage/ak025dkin9i
1304,"M 1.6 - 63 km NNE of Petersville, Alaska","63 km NNE of Petersville, Alaska",1.6,https://earthquake.usgs.gov/earthquakes/eventpage/ak0256qen99
1311,"M 1.6 - 10 km W of Beluga, Alaska","10 km W of Beluga, Alaska",1.6,https://earthquake.usgs.gov/earthquakes/eventpage/ak0256psnzq
1271,"M 1.6 - 23 km NE of Yerington, Nevada","23 km NE of Yerington, Nevada",1.6,https://earthquake.usgs.gov/earthquakes/eventpage/nn00891379
136,"M 1.6 - 57 km S of Whites City, New Mexico","57 km S of Whites City, New Mexico",1.6,https://earthquake.usgs.gov/earthquakes/eventpage/tx2025aotn
1270,"M 1.6 - 62 km SSW of Whites City, New Mexico","62 km SSW of Whites City, New Mexico",1.6,https://earthquake.usgs.gov/earthquakes/eventpage/tx2025agfe
1642,"M 1.6 - 23 km NNE of Yerington, Nevada","23 km NNE of Yerington, Nevada",1.6,https://earthquake.usgs.gov/earthquakes/eventpage/nn00891281
1265,"M 1.6 - 60 km S of Glacier View, Alaska","60 km S of Glacier View, Alaska",1.6,https://earthquake.usgs.gov/earthquakes/eventpage/ak0256rq8h5
73,"M 1.6 - 20 km SSW of Susitna North, Alaska","20 km SSW of Susitna North, Alaska",1.6,https://earthquake.usgs.gov/earthquakes/eventpage/ak025f0pql5
1349,"M 1.6 - 38 km NNE of Chenega, Alaska","38 km NNE of Chenega, Alaska",1.6,https://earthquake.usgs.gov/earthquakes/eventpage/ak0256nj0yn
851,"M 1.6 - 66 km WNW of Tyonek, Alaska","66 km WNW of Tyonek, Alaska",1.6,https://earthquake.usgs.gov/earthquakes/eventpage/ak0259z5c3c
1350,"M 1.6 - 5 km WSW of Point MacKenzie, Alaska","5 km WSW of Point MacKenzie, Alaska",1.6,https://earthquake.usgs.gov/earthquakes/eventpage/ak0256nh370
1360,"M 1.6 - 4 km SSW of Houston, Alaska","4 km SSW of Houston, Alaska",1.6,https://earthquake.usgs.gov/earthquakes/eventpage/ak0256myruu
684,"M 1.6 - 71 km ESE of Denali National Park, Alaska","71 km ESE of Denali National Park, Alaska",1.6,https://earthquake.usgs.gov/earthquakes/eventpage/ak025a83seq
1347,"M 1.6 - 4 km NNW of Big Lake, Alaska","4 km NNW of Big Lake, Alaska",1.6,https://earthquake.usgs.gov/earthquakes/eventpage/ak0256njt6d
1481,"M 1.6 - 31 km NNW of Petersville, Alaska","31 km NNW of Petersville, Alaska",1.6,https://earthquake.usgs.gov/earthquakes/eventpage/ak02556ok8r
855,"M 1.6 - 75 km WNW of Beluga, Alaska","75 km WNW of Beluga, Alaska",1.6,https://earthquake.usgs.gov/earthquakes/eventpage/ak0259z32jg
1566,"M 1.6 - 57 km NW of Toyah, Texas","57 km NW of Toyah, Texas",1.6,https://earthquake.usgs.gov/earthquakes/eventpage/tx2025aeev
157,"M 1.6 - 37 km SSE of Goldfield, Nevada","37 km SSE of Goldfield, Nevada",1.6,https://earthquake.usgs.gov/earthquakes/eventpage/nn00891620
148,"M 1.6 - 8 km NE of Milpitas, CA","8 km NE of Milpitas, CA",1.6,https://earthquake.usgs.gov/earthquakes/eventpage/nc75114686
152,"M 1.6 - 40 km WNW of Tyonek, Alaska","40 km WNW of Tyonek, Alaska",1.6,https://earthquake.usgs.gov/earthquakes/eventpage/ak025dm71ut
753,"M 1.6 - 23 km WNW of Central, Alaska","23 km WNW of Central, Alaska",1.6,https://earthquake.usgs.gov/earthquakes/eventpage/ak025a41pto
729,"M 1.6 - 8 km NNE of Toyah, Texas","8 km NNE of Toyah, Texas",1.6,https://earthquake.usgs.gov/earthquakes/eventpage/tx2025akfo
221,"M 1.6 - 17 km S of Funny River, Alaska","17 km S of Funny River, Alaska",1.6,https://earthquake.usgs.gov/earthquakes/eventpage/ak025di56j6
1408,"M 1.6 - 33 km WNW of Valdez, Alaska","33 km WNW of Valdez, Alaska",1.6,https://earthquake.usgs.gov/earthquakes/eventpage/ak0255b9pzo
1517,"M 1.6 - 37 km NW of Eureka Roadhouse, Alaska","37 km NW of Eureka Roadhouse, Alaska",1.6,https://earthquake.usgs.gov/earthquakes/eventpage/ak02554slbg
736,"M 1.6 - 41 km NW of Beluga, Alaska","41 km NW of Beluga, Alaska",1.6,https://earthquake.usgs.gov/earthquakes/eventpage/ak025a587zd
170,"M 1.6 - 33 km WSW of Alamo, Nevada","33 km WSW of Alamo, Nevada",1.6,https://earthquake.usgs.gov/earthquakes/eventpage/nn00891619
1527,"M 1.6 - 56 km S of Whites City, New Mexico","56 km S of Whites City, New Mexico",1.6,https://earthquake.usgs.gov/earthquakes/eventpage/tx2025aekg
698,"M 1.6 - 36 km W of Nikiski, Alaska","36 km W of Nikiski, Alaska",1.6,https://earthquake.usgs.gov/earthquakes/eventpage/ak025a7lbkh
291,"M 1.6 - 13 km WSW of Tyonek, Alaska","13 km WSW of Tyonek, Alaska",1.6,https://earthquake.usgs.gov/earthquakes/eventpage/ak025ddc7l2
280,"M 1.6 - 7 km SE of Clam Gulch, Alaska","7 km SE of Clam Gulch, Alaska",1.6,https://earthquake.usgs.gov/earthquakes/eventpage/ak025de9uyd
270,"M 1.6 - 20 km ENE of Falls City, Texas","20 km ENE of Falls City, Texas",1.6,https://earthquake.usgs.gov/earthquakes/eventpage/tx2025anrw
29,"M 1.6 - 3 km W of Anderson Springs, CA","3 km W of Anderson Springs, CA",1.59,https://earthquake.usgs.gov/earthquakes/eventpage/nc75114896
283,"M 1.6 - 2 km NW of Kenilworth, Utah","2 km NW of Kenilworth, Utah",1.59,https://earthquake.usgs.gov/earthquakes/eventpage/uu80099371
405,"M 1.6 - 1 km SW of Pāhala, Hawaii","1 km SW of Pāhala, Hawaii",1.59,https://earthquake.usgs.gov/earthquakes/eventpage/hv74586667
426,"M 1.6 - 67 km WNW of Beluga, Alaska","67 km WNW of Beluga, Alaska",1.59,https://earthquake.usgs.gov/earthquakes/eventpage/av93447686
481,"M 1.6 - 9 km NE of Thousand Palms, CA","9 km NE of Thousand Palms, CA",1.59,https://earthquake.usgs.gov/earthquakes/eventpage/ci40835351
1137,"M 1.6 - 16 km NNE of Barstow, CA","16 km NNE of Barstow, CA",1.59,https://earthquake.usgs.gov/earthquakes/eventpage/ci40833911
1704,"M 1.6 - 13 km SSE of Home Gardens, CA","13 km SSE of Home Gardens, CA",1.59,https://earthquake.usgs.gov/earthquakes/eventpage/ci40832511
886,"M 1.6 - 11 km W of Johannesburg, CA","11 km W of Johannesburg, CA",1.58,https://earthquake.usgs.gov/earthquakes/eventpage/ci40834327
1556,"M 1.6 - 3 km E of The Geysers, CA","3 km E of The Geysers, CA",1.57,https://earthquake.usgs.gov/earthquakes/eventpage/nc75112371
1580,"M 1.6 - 3 km E of Boonville, CA","3 km E of Boonville, CA",1.57,https://earthquake.usgs.gov/earthquakes/eventpage/nc75112346
1720,"M 1.6 - 2 km ESE of La Parguera, Puerto Rico","2 km ESE of La Parguera, Puerto Rico",1.56,https://earthquake.usgs.gov/earthquakes/eventpage/pr71470003
398,"M 1.6 Quarry Blast - 8 km WSW of Townsend, Montana","8 km WSW of Townsend, Montana",1.56,https://earthquake.usgs.gov/earthquakes/eventpage/mb90070378
262,"M 1.6 - 18 km SSE of Mossyrock, Washington","18 km SSE of Mossyrock, Washington",1.56,https://earthquake.usgs.gov/earthquakes/eventpage/uw62061802
658,"M 1.6 - 0 km S of Tres Pinos, CA","0 km S of Tres Pinos, CA",1.55,https://earthquake.usgs.gov/earthquakes/eventpage/nc75113776
1269,"M 1.6 - 9 km N of Pāhala, Hawaii","9 km N of Pāhala, Hawaii",1.55,https://earthquake.usgs.gov/earthquakes/eventpage/hv74583592
677,"M 1.6 - 2 km NW of The Geysers, CA","2 km NW of The Geysers, CA",1.55,https://earthquake.usgs.gov/earthquakes/eventpage/nc75113716
255,"M 1.6 - 6 km WNW of Cobb, CA","6 km WNW of Cobb, CA",1.55,https://earthquake.usgs.gov/earthquakes/eventpage/nc75114486
437,"M 1.5 - 15 km E of Milford, Utah","15 km E of Milford, Utah",1.54,https://earthquake.usgs.gov/earthquakes/eventpage/uu80099331
1676,"M 1.5 - 2 km WSW of Redwood Valley, CA","2 km WSW of Redwood Valley, CA",1.54,https://earthquake.usgs.gov/earthquakes/eventpage/nc75112211
1569,"M 1.5 - 4 km WSW of Howardville, Missouri","4 km WSW of Howardville, Missouri",1.53,https://earthquake.usgs.gov/earthquakes/eventpage/nm60596031
1443,"M 1.5 - 4 km ESE of Big Bear City, CA","4 km ESE of Big Bear City, CA",1.53,https://earthquake.usgs.gov/earthquakes/eventpage/ci40833223
1291,"M 1.5 - 4 km S of Highland Park, CA","4 km S of Highland Park, CA",1.53,https://earthquake.usgs.gov/earthquakes/eventpage/ci40833671
728,"M 1.5 - 3 km SSE of Aromas, CA","3 km SSE of Aromas, CA",1.53,https://earthquake.usgs.gov/earthquakes/eventpage/nc75113591
966,"M 1.5 - 2 km NNE of The Geysers, CA","2 km NNE of The Geysers, CA",1.53,https://earthquake.usgs.gov/earthquakes/eventpage/nc75113201
566,"M 1.5 - 23 km ESE of Little Lake, CA","23 km ESE of Little Lake, CA",1.53,https://earthquake.usgs.gov/earthquakes/eventpage/ci40835207
748,"M 1.5 - 1 km NNE of Twin Bridges, Montana","1 km NNE of Twin Bridges, Montana",1.53,https://earthquake.usgs.gov/earthquakes/eventpage/mb90070128
907,"M 1.5 - 5 km NW of Cobb, CA","5 km NW of Cobb, CA",1.52,https://earthquake.usgs.gov/earthquakes/eventpage/nc75113316
1697,"M 1.5 - 2 km SSW of Pinnacles, CA","2 km SSW of Pinnacles, CA",1.52,https://earthquake.usgs.gov/earthquakes/eventpage/nc75112186
210,"M 1.5 - 7 km  of Hollister, CA","7 km  of Hollister, CA",1.52,https://earthquake.usgs.gov/earthquakes/eventpage/nc75114561
763,"M 1.5 - 21 km WNW of Stanley, Idaho","21 km WNW of Stanley, Idaho",1.52,https://earthquake.usgs.gov/earthquakes/eventpage/mb90070413
253,"M 1.5 - 4 km E of La Parguera, Puerto Rico","4 km E of La Parguera, Puerto Rico",1.52,https://earthquake.usgs.gov/earthquakes/eventpage/pr71470423
365,"M 1.5 - 22 km WNW of Stanley, Idaho","22 km WNW of Stanley, Idaho",1.51,https://earthquake.usgs.gov/earthquakes/eventpage/mb90070473
667,"M 1.5 Quarry Blast - 5 km E of Butte, Montana","5 km E of Butte, Montana",1.51,https://earthquake.usgs.gov/earthquakes/eventpage/mb90070153
1307,"M 1.5 - 44 km ESE of Beatty, Nevada","44 km ESE of Beatty, Nevada",1.5,https://earthquake.usgs.gov/earthquakes/eventpage/nn00891377
235,"M 1.5 - 1 km ESE of Big Lake, Alaska","1 km ESE of Big Lake, Alaska",1.5,https://earthquake.usgs.gov/earthquakes/eventpage/ak025dhbe7v
342,"M 1.5 - 60 km NW of Toyah, Texas","60 km NW of Toyah, Texas",1.5,https://earthquake.usgs.gov/earthquakes/eventpage/tx2025anbk
422,"M 1.5 - 8 km NNE of Toyah, Texas","8 km NNE of Toyah, Texas",1.5,https://earthquake.usgs.gov/earthquakes/eventpage/tx2025ammz
25,"M 1.5 - 29 km SE of Skwentna, Alaska","29 km SE of Skwentna, Alaska",1.5,https://earthquake.usgs.gov/earthquakes/eventpage/ak025f50fcy
94,"M 1.5 - 22 km NNW of Susitna, Alaska","22 km NNW of Susitna, Alaska",1.5,https://earthquake.usgs.gov/earthquakes/eventpage/ak025ezhukl
1065,"M 1.5 - 18 km SE of Eureka Roadhouse, Alaska","18 km SE of Eureka Roadhouse, Alaska",1.5,https://earthquake.usgs.gov/earthquakes/eventpage/ak0258e4bbp
190,"M 1.5 - 53 km NW of Toyah, Texas","53 km NW of Toyah, Texas",1.5,https://earthquake.usgs.gov/earthquakes/eventpage/tx2025aojd
95,"M 1.5 - 46 km WNW of Nikiski, Alaska","46 km WNW of Nikiski, Alaska",1.5,https://earthquake.usgs.gov/earthquakes/eventpage/ak025ezgw6s
1633,"M 1.5 - 4 km WSW of Howardville, Missouri","4 km WSW of Howardville, Missouri",1.5,https://earthquake.usgs.gov/earthquakes/eventpage/nm60596026
1433,"M 1.5 - 13 km ESE of Smith, Nevada","13 km ESE of Smith, Nevada",1.5,https://earthquake.usgs.gov/earthquakes/eventpage/nn00891347
320,"M 1.5 - 30 km WSW of Ackerly, Texas","30 km WSW of Ackerly, Texas",1.5,https://earthquake.usgs.gov/earthquakes/eventpage/tx2025angi
1475,"M 1.5 - 24 km WSW of Manley Hot Springs, Alaska","24 km WSW of Manley Hot Springs, Alaska",1.5,https://earthquake.usgs.gov/earthquakes/eventpage/ak025570bz3
710,"M 1.5 - 47 km WSW of Skwentna, Alaska","47 km WSW of Skwentna, Alaska",1.5,https://earthquake.usgs.gov/earthquakes/eventpage/ak025a6i2up
1504,"M 1.5 - 37 km SSE of Goldfield, Nevada","37 km SSE of Goldfield, Nevada",1.5,https://earthquake.usgs.gov/earthquakes/eventpage/nn00891316
633,"M 1.5 - 44 km NW of Toyah, Texas","44 km NW of Toyah, Texas",1.5,https://earthquake.usgs.gov/earthquakes/eventpage/tx2025alac
1412,"M 1.5 - 33 km NW of Nanwalek, Alaska","33 km NW of Nanwalek, Alaska",1.5,https://earthquake.usgs.gov/earthquakes/eventpage/ak0255b8oin
1380,"M 1.5 - 5 km NW of Happy Valley, Alaska","5 km NW of Happy Valley, Alaska",1.5,https://earthquake.usgs.gov/earthquakes/eventpage/ak0255cejcn
1500,"M 1.5 - 10 km SSE of Forsan, Texas","10 km SSE of Forsan, Texas",1.5,https://earthquake.usgs.gov/earthquakes/eventpage/tx2025aeos
184,"M 1.5 - 23 km NNE of Beluga, Alaska","23 km NNE of Beluga, Alaska",1.5,https://earthquake.usgs.gov/earthquakes/eventpage/ak025dktzw4
628,"M 1.5 - 25 km SSW of Mina, Nevada","25 km SSW of Mina, Nevada",1.5,https://earthquake.usgs.gov/earthquakes/eventpage/nn00891492
1124,"M 1.5 - 25 km ESE of Susitna North, Alaska","25 km ESE of Susitna North, Alaska",1.5,https://earthquake.usgs.gov/earthquakes/eventpage/ak0258amvvu
1725,"M 1.5 - 36 km NNW of Toyah, Texas","36 km NNW of Toyah, Texas",1.5,https://earthquake.usgs.gov/earthquakes/eventpage/tx2025adhy
176,"M 1.5 - 37 km SSE of Goldfield, Nevada","37 km SSE of Goldfield, Nevada",1.5,https://earthquake.usgs.gov/earthquakes/eventpage/nn00891615
125,"M 1.5 - 15 km SSE of Goldfield, Nevada","15 km SSE of Goldfield, Nevada",1.5,https://earthquake.usgs.gov/earthquakes/eventpage/nn00891627
403,"M 1.5 Quarry Blast - 4 km SE of Home Gardens, CA","4 km SE of Home Gardens, CA",1.5,https://earthquake.usgs.gov/earthquakes/eventpage/ci40835647
1419,"M 1.5 - 11 km ESE of Smith, Nevada","11 km ESE of Smith, Nevada",1.5,https://earthquake.usgs.gov/earthquakes/eventpage/nn00891353
209,"M 1.5 - 45 km NW of Toyah, Texas","45 km NW of Toyah, Texas",1.5,https://earthquake.usgs.gov/earthquakes/eventpage/tx2025aoey
1086,"M 1.5 - 6 km SE of Point MacKenzie, Alaska","6 km SE of Point MacKenzie, Alaska",1.5,https://earthquake.usgs.gov/earthquakes/eventpage/ak0258d9rti
1084,"M 1.5 - 38 km W of Nikiski, Alaska","38 km W of Nikiski, Alaska",1.5,https://earthquake.usgs.gov/earthquakes/eventpage/ak0258dbx69
1511,"M 1.5 - 27 km NW of Susitna, Alaska","27 km NW of Susitna, Alaska",1.5,https://earthquake.usgs.gov/earthquakes/eventpage/ak02555bv06
1188,"M 1.5 - 7 km N of Houston, Alaska","7 km N of Houston, Alaska",1.5,https://earthquake.usgs.gov/earthquakes/eventpage/ak0256wf573
1673,"M 1.5 - 20 km NNE of Yerington, Nevada","20 km NNE of Yerington, Nevada",1.5,https://earthquake.usgs.gov/earthquakes/eventpage/nn00891268
1589,"M 1.5 - 63 km ESE of Denali National Park, Alaska","63 km ESE of Denali National Park, Alaska",1.5,https://earthquake.usgs.gov/earthquakes/eventpage/ak02551aana
1031,"M 1.5 - 61 km SSW of Whites City, New Mexico","61 km SSW of Whites City, New Mexico",1.5,https://earthquake.usgs.gov/earthquakes/eventpage/tx2025aiep
1002,"M 1.5 - 14 km SSW of Point Possession, Alaska","14 km SSW of Point Possession, Alaska",1.5,https://earthquake.usgs.gov/earthquakes/eventpage/ak0258i1z4f
189,"M 1.5 - 12 km ENE of Fox, Alaska","12 km ENE of Fox, Alaska",1.5,https://earthquake.usgs.gov/earthquakes/eventpage/ak025dkgkoi
1495,"M 1.5 - 7 km W of Point MacKenzie, Alaska","7 km W of Point MacKenzie, Alaska",1.5,https://earthquake.usgs.gov/earthquakes/eventpage/ak02555s7s4
1660,"M 1.5 - 7 km ENE of Fox, Alaska","7 km ENE of Fox, Alaska",1.5,https://earthquake.usgs.gov/earthquakes/eventpage/ak0254ymk3i
81,"M 1.5 - 25 km WSW of Susitna North, Alaska","25 km WSW of Susitna North, Alaska",1.5,https://earthquake.usgs.gov/earthquakes/eventpage/ak025f0754g
461,"M 1.5 - 10 km ESE of Smith, Nevada","10 km ESE of Smith, Nevada",1.5,https://earthquake.usgs.gov/earthquakes/eventpage/nn00891573
254,"M 1.5 - 16 km NNE of Stanley, Idaho","16 km NNE of Stanley, Idaho",1.49,https://earthquake.usgs.gov/earthquakes/eventpage/mb90070508
36,"M 1.5 - 23 km NE of Pine Valley, CA","23 km NE of Pine Valley, CA",1.49,https://earthquake.usgs.gov/earthquakes/eventpage/ci40836455
239,"M 1.5 - 6 km SSW of Leilani Estates, Hawaii","6 km SSW of Leilani Estates, Hawaii",1.49,https://earthquake.usgs.gov/earthquakes/eventpage/hv74587262
19,"M 1.5 - 2 km NW of The Geysers, CA","2 km NW of The Geysers, CA",1.48,https://earthquake.usgs.gov/earthquakes/eventpage/nc75114916
930,"M 1.5 - 19 km ESE of Evanston, Wyoming","19 km ESE of Evanston, Wyoming",1.47,https://earthquake.usgs.gov/earthquakes/eventpage/uu80099271
415,"M 1.5 - 67 km WNW of Beluga, Alaska","67 km WNW of Beluga, Alaska",1.47,https://earthquake.usgs.gov/earthquakes/eventpage/av93447736
664,"M 1.5 - 20 km WNW of Hebgen Lake Estates, Montana","20 km WNW of Hebgen Lake Estates, Montana",1.46,https://earthquake.usgs.gov/earthquakes/eventpage/mb90070158
830,"M 1.5 - 0 km  of The Geysers, CA","0 km  of The Geysers, CA",1.46,https://earthquake.usgs.gov/earthquakes/eventpage/nc75113441
528,"M 1.5 - 6 km NE of Lake Roesiger, Washington","6 km NE of Lake Roesiger, Washington",1.46,https://earthquake.usgs.gov/earthquakes/eventpage/uw62061637
635,"M 1.5 - 15 km ENE of Ridgecrest, CA","15 km ENE of Ridgecrest, CA",1.46,https://earthquake.usgs.gov/earthquakes/eventpage/ci40835095
35,"M 1.5 - 9 km WNW of Cobb, CA","9 km WNW of Cobb, CA",1.45,https://earthquake.usgs.gov/earthquakes/eventpage/nc75114886
12,"M 1.5 - 16 km S of Whitehall, Montana","16 km S of Whitehall, Montana",1.45,https://earthquake.usgs.gov/earthquakes/eventpage/mb90070648
22,"M 1.5 - 10 km SE of Lima, Montana","10 km SE of Lima, Montana",1.45,https://earthquake.usgs.gov/earthquakes/eventpage/mb90070628
699,"M 1.5 - 11 km ESE of Alum Rock, CA","11 km ESE of Alum Rock, CA",1.45,https://earthquake.usgs.gov/earthquakes/eventpage/nc75113671
614,"M 1.5 - 3 km N of Redway, CA","3 km N of Redway, CA",1.45,https://earthquake.usgs.gov/earthquakes/eventpage/nc75113866
237,"M 1.4 - 3 km WSW of Lucien, Oklahoma","3 km WSW of Lucien, Oklahoma",1.44,https://earthquake.usgs.gov/earthquakes/eventpage/ok2025anyh
733,"M 1.4 - 26 km ENE of Thermal, CA","26 km ENE of Thermal, CA",1.44,https://earthquake.usgs.gov/earthquakes/eventpage/ci40834567
820,"M 1.4 - 2 km SSE of Borrego Springs, CA","2 km SSE of Borrego Springs, CA",1.44,https://earthquake.usgs.gov/earthquakes/eventpage/ci40834383
380,"M 1.4 - 7 km WNW of Cobb, CA","7 km WNW of Cobb, CA",1.44,https://earthquake.usgs.gov/earthquakes/eventpage/nc75114261
61,"M 1.4 - 22 km NE of Thermal, CA","22 km NE of Thermal, CA",1.44,https://earthquake.usgs.gov/earthquakes/eventpage/ci40836423
1394,"M 1.4 Quarry Blast - 6 km NNW of Mill Creek, Oklahoma","6 km NNW of Mill Creek, Oklahoma",1.43,https://earthquake.usgs.gov/earthquakes/eventpage/ok2025afjm
402,"M 1.4 Quarry Blast - 6 km NNW of Lakeside, CA","6 km NNW of Lakeside, CA",1.43,https://earthquake.usgs.gov/earthquakes/eventpage/ci40835663
1488,"M 1.4 - 10 km NNW of The Geysers, CA","10 km NNW of The Geysers, CA",1.43,https://earthquake.usgs.gov/earthquakes/eventpage/nc75112431
416,"M 1.4 Quarry Blast - 3 km SW of Clayton, CA","3 km SW of Clayton, CA",1.43,https://earthquake.usgs.gov/earthquakes/eventpage/nc75114196
423,"M 1.4 - 12 km SE of Middletown, CA","12 km SE of Middletown, CA",1.42,https://earthquake.usgs.gov/earthquakes/eventpage/nc75114186
606,"M 1.4 - 1 km ESE of Oakland, CA","1 km ESE of Oakland, CA",1.42,https://earthquake.usgs.gov/earthquakes/eventpage/nc75113871
1655,"M 1.4 - 7 km E of Nescatunga, Oklahoma","7 km E of Nescatunga, Oklahoma",1.42,https://earthquake.usgs.gov/earthquakes/eventpage/ok2025adsc
1061,"M 1.4 - 2 km NW of Kenilworth, Utah","2 km NW of Kenilworth, Utah",1.42,https://earthquake.usgs.gov/earthquakes/eventpage/uu80099241
443,"M 1.4 - 16 km WSW of Radersburg, Montana","16 km WSW of Radersburg, Montana",1.41,https://earthquake.usgs.gov/earthquakes/eventpage/mb90070363
919,"M 1.4 - 8 km NE of Grapevine, CA","8 km NE of Grapevine, CA",1.41,https://earthquake.usgs.gov/earthquakes/eventpage/ci40834255
726,"M 1.4 - 15 km SSW of Olancha, CA","15 km SSW of Olancha, CA",1.41,https://earthquake.usgs.gov/earthquakes/eventpage/ci40834615
1220,"M 1.4 - 26 km NW of Ocotillo, CA","26 km NW of Ocotillo, CA",1.41,https://earthquake.usgs.gov/earthquakes/eventpage/ci40833751
1181,"M 1.4 - 6 km N of Jackson, Wyoming","6 km N of Jackson, Wyoming",1.41,https://earthquake.usgs.gov/earthquakes/eventpage/mb90070393
1710,"M 1.4 - 10 km SE of Lake Pillsbury, CA","10 km SE of Lake Pillsbury, CA",1.41,https://earthquake.usgs.gov/earthquakes/eventpage/nc75112146
731,"M 1.4 - 9 km NE of Borrego Springs, CA","9 km NE of Borrego Springs, CA",1.41,https://earthquake.usgs.gov/earthquakes/eventpage/ci40834591
1156,"M 1.4 - 11 km ESE of Smith, Nevada","11 km ESE of Smith, Nevada",1.4,https://earthquake.usgs.gov/earthquakes/eventpage/nn00891401
1351,"M 1.4 - 42 km ENE of Healy, Alaska","42 km ENE of Healy, Alaska",1.4,https://earthquake.usgs.gov/earthquakes/eventpage/ak0256ngv6h
344,"M 1.4 - 8 km NNE of Four Mile Road, Alaska","8 km NNE of Four Mile Road, Alaska",1.4,https://earthquake.usgs.gov/earthquakes/eventpage/ak025da63xi
1684,"M 1.4 - 20 km NE of Yerington, Nevada","20 km NE of Yerington, Nevada",1.4,https://earthquake.usgs.gov/earthquakes/eventpage/nn00891265
811,"M 1.4 - 76 km WNW of Ninilchik, Alaska","76 km WNW of Ninilchik, Alaska",1.4,https://earthquake.usgs.gov/earthquakes/eventpage/ak025a0u7ml
1388,"M 1.4 - 9 km E of Fox, Alaska","9 km E of Fox, Alaska",1.4,https://earthquake.usgs.gov/earthquakes/eventpage/ak0255by5ns
1378,"M 1.4 - 16 km NE of Yerington, Nevada","16 km NE of Yerington, Nevada",1.4,https://earthquake.usgs.gov/earthquakes/eventpage/nn00891362
56,"M 1.4 - 41 km S of Goldfield, Nevada","41 km S of Goldfield, Nevada",1.4,https://earthquake.usgs.gov/earthquakes/eventpage/nn00891636
499,"M 1.4 - 23 km ESE of Balmorhea, Texas","23 km ESE of Balmorhea, Texas",1.4,https://earthquake.usgs.gov/earthquakes/eventpage/tx2025altv
1612,"M 1.4 - 45 km E of Susitna North, Alaska","45 km E of Susitna North, Alaska",1.4,https://earthquake.usgs.gov/earthquakes/eventpage/ak02550huli
473,"M 1.4 - 10 km SSE of Forsan, Texas","10 km SSE of Forsan, Texas",1.4,https://earthquake.usgs.gov/earthquakes/eventpage/tx2025alzs
1585,"M 1.4 - 15 km SSW of Kingvale, California","15 km SSW of Kingvale, California",1.4,https://earthquake.usgs.gov/earthquakes/eventpage/nn00891305
1594,"M 1.4 - 21 km NNE of Yerington, Nevada","21 km NNE of Yerington, Nevada",1.4,https://earthquake.usgs.gov/earthquakes/eventpage/nn00891301
1496,"M 1.4 - 36 km SSE of Goldfield, Nevada","36 km SSE of Goldfield, Nevada",1.4,https://earthquake.usgs.gov/earthquakes/eventpage/nn00891323
1542,"M 1.4 - 2 km SSW of Elmendorf Air Force Base, Alaska","2 km SSW of Elmendorf Air Force Base, Alaska",1.4,https://earthquake.usgs.gov/earthquakes/eventpage/ak02553z89g
1491,"M 1.4 - 37 km SSE of Goldfield, Nevada","37 km SSE of Goldfield, Nevada",1.4,https://earthquake.usgs.gov/earthquakes/eventpage/nn00891326
1313,"M 1.4 - 2 km ENE of Manhattan Beach, CA","2 km ENE of Manhattan Beach, CA",1.4,https://earthquake.usgs.gov/earthquakes/eventpage/ci40833623
899,"M 1.4 - 10 km ENE of Fox, Alaska","10 km ENE of Fox, Alaska",1.4,https://earthquake.usgs.gov/earthquakes/eventpage/ak0259x8zb3
870,"M 1.4 - 11 km SSE of Forsan, Texas","11 km SSE of Forsan, Texas",1.4,https://earthquake.usgs.gov/earthquakes/eventpage/tx2025ajiv
1608,"M 1.4 - 39 km S of Goldfield, Nevada","39 km S of Goldfield, Nevada",1.4,https://earthquake.usgs.gov/earthquakes/eventpage/nn00891290
1672,"M 1.4 - 5 km NNW of Knik-Fairview, Alaska","5 km NNW of Knik-Fairview, Alaska",1.4,https://earthquake.usgs.gov/earthquakes/eventpage/ak0253otega
308,"M 1.4 - 12 km SSW of Furnace Creek, California","12 km SSW of Furnace Creek, California",1.4,https://earthquake.usgs.gov/earthquakes/eventpage/nn00891579
730,"M 1.4 - 18 km NW of Tehachapi, CA","18 km NW of Tehachapi, CA",1.4,https://earthquake.usgs.gov/earthquakes/eventpage/ci40834599
218,"M 1.4 - 51 km SSW of Skwentna, Alaska","51 km SSW of Skwentna, Alaska",1.4,https://earthquake.usgs.gov/earthquakes/eventpage/ak025diige2
1241,"M 1.4 - 11 km ESE of Smith, Nevada","11 km ESE of Smith, Nevada",1.4,https://earthquake.usgs.gov/earthquakes/eventpage/nn00891392
1237,"M 1.4 - 17 km N of Stanton, Texas","17 km N of Stanton, Texas",1.4,https://earthquake.usgs.gov/earthquakes/eventpage/tx2025agkw
303,"M 1.4 - 14 km E of Stanton, Texas","14 km E of Stanton, Texas",1.4,https://earthquake.usgs.gov/earthquakes/eventpage/tx2025ankr
199,"M 1.4 - 33 km W of Happy Valley, Alaska","33 km W of Happy Valley, Alaska",1.4,https://earthquake.usgs.gov/earthquakes/eventpage/ak025djxevt
918,"M 1.4 - 33 km WNW of Susitna, Alaska","33 km WNW of Susitna, Alaska",1.4,https://earthquake.usgs.gov/earthquakes/eventpage/ak0258mxvjb
435,"M 1.4 - 18 km NW of Schurz, Nevada","18 km NW of Schurz, Nevada",1.4,https://earthquake.usgs.gov/earthquakes/eventpage/nn00891534
691,"M 1.4 - 14 km WNW of Calipatria, CA","14 km WNW of Calipatria, CA",1.4,https://earthquake.usgs.gov/earthquakes/eventpage/ci40834767
564,"M 1.4 - 27 km S of Alamo, Nevada","27 km S of Alamo, Nevada",1.4,https://earthquake.usgs.gov/earthquakes/eventpage/nn00891507
1056,"M 1.4 - 26 km SSE of Mina, Nevada","26 km SSE of Mina, Nevada",1.4,https://earthquake.usgs.gov/earthquakes/eventpage/nn00891414
1447,"M 1.4 - 38 km SSE of Goldfield, Nevada","38 km SSE of Goldfield, Nevada",1.4,https://earthquake.usgs.gov/earthquakes/eventpage/nn00891341
64,"M 1.4 - 3 km NE of Ripley, Oklahoma","3 km NE of Ripley, Oklahoma",1.39,https://earthquake.usgs.gov/earthquakes/eventpage/ok2025apjw
1150,"M 1.4 - 12 km NNE of Indio, CA","12 km NNE of Indio, CA",1.39,https://earthquake.usgs.gov/earthquakes/eventpage/ci40833895
577,"M 1.4 - 5 km WSW of San Francisco Zoo, CA","5 km WSW of San Francisco Zoo, CA",1.39,https://earthquake.usgs.gov/earthquakes/eventpage/nc75113901
213,"M 1.4 - 46 km SSE of Mammoth, Wyoming","46 km SSE of Mammoth, Wyoming",1.39,https://earthquake.usgs.gov/earthquakes/eventpage/uu80002563
574,"M 1.4 - 5 km SE of Running Springs, CA","5 km SE of Running Springs, CA",1.38,https://earthquake.usgs.gov/earthquakes/eventpage/ci40835191
393,"M 1.4 - 50 km SW of Unalaska, Alaska","50 km SW of Unalaska, Alaska",1.38,https://earthquake.usgs.gov/earthquakes/eventpage/av93447841
373,"M 1.4 - 11 km SE of Lima, Montana","11 km SE of Lima, Montana",1.38,https://earthquake.usgs.gov/earthquakes/eventpage/mb90070463
183,"M 1.4 - 10 km SW of Gonzales, CA","10 km SW of Gonzales, CA",1.37,https://earthquake.usgs.gov/earthquakes/eventpage/nc75114631
705,"M 1.4 - 14 km WNW of Calipatria, CA","14 km WNW of Calipatria, CA",1.37,https://earthquake.usgs.gov/earthquakes/eventpage/ci40834727
471,"M 1.4 - 8 km W of Calipatria, CA","8 km W of Calipatria, CA",1.37,https://earthquake.usgs.gov/earthquakes/eventpage/ci40835367
1624,"M 1.4 - 9 km WNW of Port Hadlock-Irondale, Washington","9 km WNW of Port Hadlock-Irondale, Washington",1.37,https://earthquake.usgs.gov/earthquakes/eventpage/uw62069571
559,"M 1.4 - 2 km NNW of The Geysers, CA","2 km NNW of The Geysers, CA",1.37,https://earthquake.usgs.gov/earthquakes/eventpage/nc75113926
1182,"M 1.4 - 39 km WSW of Augusta, Montana","39 km WSW of Augusta, Montana",1.36,https://earthquake.usgs.gov/earthquakes/eventpage/mb90070223
75,"M 1.4 - 22 km WNW of South Glastonbury, Montana","22 km WNW of South Glastonbury, Montana",1.36,https://earthquake.usgs.gov/earthquakes/eventpage/mb90070568
162,"M 1.4 Quarry Blast - 28 km S of Ennis, Montana","28 km S of Ennis, Montana",1.36,https://earthquake.usgs.gov/earthquakes/eventpage/mb90070533
1260,"M 1.4 - 20 km ESE of Little Lake, CA","20 km ESE of Little Lake, CA",1.36,https://earthquake.usgs.gov/earthquakes/eventpage/ci40833703
1431,"M 1.4 Quarry Blast - 5 km E of Butte, Montana","5 km E of Butte, Montana",1.36,https://earthquake.usgs.gov/earthquakes/eventpage/mb90070103
1445,"M 1.4 Quarry Blast - 1 km SSE of South Hills, Montana","1 km SSE of South Hills, Montana",1.35,https://earthquake.usgs.gov/earthquakes/eventpage/mb90070133
714,"M 1.3 - 3 km E of The Geysers, CA","3 km E of The Geysers, CA",1.34,https://earthquake.usgs.gov/earthquakes/eventpage/nc75113621
222,"M 1.3 - 5 km NW of The Geysers, CA","5 km NW of The Geysers, CA",1.34,https://earthquake.usgs.gov/earthquakes/eventpage/nc75114551
1656,"M 1.3 - 2 km WNW of Kenilworth, Utah","2 km WNW of Kenilworth, Utah",1.34,https://earthquake.usgs.gov/earthquakes/eventpage/uu80099106
296,"M 1.3 - 7 km WSW of Port Hadlock-Irondale, Washington","7 km WSW of Port Hadlock-Irondale, Washington",1.34,https://earthquake.usgs.gov/earthquakes/eventpage/uw62061777
894,"M 1.3 Quarry Blast - 5 km NNW of Boron, CA","5 km NNW of Boron, CA",1.34,https://earthquake.usgs.gov/earthquakes/eventpage/ci40834303
323,"M 1.3 - 8 km NNW of The Geysers, CA","8 km NNW of The Geysers, CA",1.34,https://earthquake.usgs.gov/earthquakes/eventpage/nc75114366
800,"M 1.3 - 6 km NW of The Geysers, CA","6 km NW of The Geysers, CA",1.33,https://earthquake.usgs.gov/earthquakes/eventpage/nc75113486
126,"M 1.3 - 10 km NW of Friday Harbor, Washington","10 km NW of Friday Harbor, Washington",1.33,https://earthquake.usgs.gov/earthquakes/eventpage/uw62061872
675,"M 1.3 - 2 km NW of The Geysers, CA","2 km NW of The Geysers, CA",1.33,https://earthquake.usgs.gov/earthquakes/eventpage/nc75113721
134,"M 1.3 - 1 km NE of The Geysers, CA","1 km NE of The Geysers, CA",1.33,https://earthquake.usgs.gov/earthquakes/eventpage/nc75114731
238,"M 1.3 - 11 km SW of Gonzales, CA","11 km SW of Gonzales, CA",1.33,https://earthquake.usgs.gov/earthquakes/eventpage/nc75114506
318,"M 1.3 - 7 km N of Moreno Valley, CA","7 km N of Moreno Valley, CA",1.33,https://earthquake.usgs.gov/earthquakes/eventpage/ci40835847
1130,"M 1.3 - 7 km NW of The Geysers, CA","7 km NW of The Geysers, CA",1.32,https://earthquake.usgs.gov/earthquakes/eventpage/nc75112956
874,"M 1.3 - 3 km NW of The Geysers, CA","3 km NW of The Geysers, CA",1.32,https://earthquake.usgs.gov/earthquakes/eventpage/nc75113386
681,"M 1.3 - 5 km SE of Pinnacles, CA","5 km SE of Pinnacles, CA",1.32,https://earthquake.usgs.gov/earthquakes/eventpage/nc75113701
413,"M 1.3 - 10 km NW of The Geysers, CA","10 km NW of The Geysers, CA",1.32,https://earthquake.usgs.gov/earthquakes/eventpage/nc75114201
387,"M 1.3 - 14 km N of Cabazon, CA","14 km N of Cabazon, CA",1.32,https://earthquake.usgs.gov/earthquakes/eventpage/ci40835743
492,"M 1.3 - 2 km NW of The Geysers, CA","2 km NW of The Geysers, CA",1.32,https://earthquake.usgs.gov/earthquakes/eventpage/nc75114016
901,"M 1.3 - 10 km NE of Julian, CA","10 km NE of Julian, CA",1.31,https://earthquake.usgs.gov/earthquakes/eventpage/ci40834287
404,"M 1.3 - 11 km SSW of Valle Vista, CA","11 km SSW of Valle Vista, CA",1.31,https://earthquake.usgs.gov/earthquakes/eventpage/ci40835639
7,"M 1.3 Quarry Blast - 6 km SSE of Oilton, Oklahoma","6 km SSE of Oilton, Oklahoma",1.31,https://earthquake.usgs.gov/earthquakes/eventpage/ok2025apxu
419,"M 1.3 - 67 km WNW of Beluga, Alaska","67 km WNW of Beluga, Alaska",1.31,https://earthquake.usgs.gov/earthquakes/eventpage/av93447706
282,"M 1.3 - 12 km WNW of Cedar City, Utah","12 km WNW of Cedar City, Utah",1.31,https://earthquake.usgs.gov/earthquakes/eventpage/uu80002553
797,"M 1.3 - 2 km N of San Pedro, CA","2 km N of San Pedro, CA",1.31,https://earthquake.usgs.gov/earthquakes/eventpage/ci40834431
775,"M 1.3 - 0 km SW of Irvine, CA","0 km SW of Irvine, CA",1.31,https://earthquake.usgs.gov/earthquakes/eventpage/ci40834455
1705,"M 1.3 - 24 km E of Tanana, Alaska","24 km E of Tanana, Alaska",1.3,https://earthquake.usgs.gov/earthquakes/eventpage/ak0253n5u2q
846,"M 1.3 - 22 km SE of Chickaloon, Alaska","22 km SE of Chickaloon, Alaska",1.3,https://earthquake.usgs.gov/earthquakes/eventpage/ak0259z7z1u
520,"M 1.3 - 25 km S of Westbrook, Texas","25 km S of Westbrook, Texas",1.3,https://earthquake.usgs.gov/earthquakes/eventpage/tx2025alqg
201,"M 1.3 - 33 km WSW of Ackerly, Texas","33 km WSW of Ackerly, Texas",1.3,https://earthquake.usgs.gov/earthquakes/eventpage/tx2025aoha
1614,"M 1.3 - 36 km SSE of Goldfield, Nevada","36 km SSE of Goldfield, Nevada",1.3,https://earthquake.usgs.gov/earthquakes/eventpage/nn00891286
591,"M 1.3 - 20 km SSE of Stanton, Texas","20 km SSE of Stanton, Texas",1.3,https://earthquake.usgs.gov/earthquakes/eventpage/tx2025alfn
768,"M 1.3 - 32 km SSW of Los Ybanez, Texas","32 km SSW of Los Ybanez, Texas",1.3,https://earthquake.usgs.gov/earthquakes/eventpage/tx2025ajxy
52,"M 1.3 - 4 km SE of Brawley, CA","4 km SE of Brawley, CA",1.3,https://earthquake.usgs.gov/earthquakes/eventpage/ci40836439
459,"M 1.3 - 19 km NW of Schurz, Nevada","19 km NW of Schurz, Nevada",1.3,https://earthquake.usgs.gov/earthquakes/eventpage/nn00891524
1553,"M 1.3 - 35 km SSE of Midland, Texas","35 km SSE of Midland, Texas",1.3,https://earthquake.usgs.gov/earthquakes/eventpage/tx2025aehl
485,"M 1.3 - 21 km NE of Yerington, Nevada","21 km NE of Yerington, Nevada",1.3,https://earthquake.usgs.gov/earthquakes/eventpage/nn00891516
1180,"M 1.3 - 11 km ESE of Smith, Nevada","11 km ESE of Smith, Nevada",1.3,https://earthquake.usgs.gov/earthquakes/eventpage/nn00891420
1664,"M 1.3 - 55 km S of Whites City, New Mexico","55 km S of Whites City, New Mexico",1.3,https://earthquake.usgs.gov/earthquakes/eventpage/tx2025adqo
1321,"M 1.3 - 19 km NNE of Yerington, Nevada","19 km NNE of Yerington, Nevada",1.3,https://earthquake.usgs.gov/earthquakes/eventpage/nn00891391
1235,"M 1.3 - 29 km SE of Mina, Nevada","29 km SE of Mina, Nevada",1.3,https://earthquake.usgs.gov/earthquakes/eventpage/nn00891384
774,"M 1.3 - 11 km W of Forsan, Texas","11 km W of Forsan, Texas",1.3,https://earthquake.usgs.gov/earthquakes/eventpage/tx2025ajwy
178,"M 1.3 - 38 km SSE of Goldfield, Nevada","38 km SSE of Goldfield, Nevada",1.3,https://earthquake.usgs.gov/earthquakes/eventpage/nn00891613
1574,"M 1.3 - 21 km NW of Stanton, Texas","21 km NW of Stanton, Texas",1.3,https://earthquake.usgs.gov/earthquakes/eventpage/tx2025aedm
529,"M 1.3 - 18 km NE of Yerington, Nevada","18 km NE of Yerington, Nevada",1.3,https://earthquake.usgs.gov/earthquakes/eventpage/nn00891570
1176,"M 1.3 - 15 km NE of Yerington, Nevada","15 km NE of Yerington, Nevada",1.3,https://earthquake.usgs.gov/earthquakes/eventpage/nn00891393
212,"M 1.3 - 12 km SSW of Salton City, CA","12 km SSW of Salton City, CA",1.3,https://earthquake.usgs.gov/earthquakes/eventpage/ci40836095
475,"M 1.3 - 20 km NNE of Yerington, Nevada","20 km NNE of Yerington, Nevada",1.3,https://earthquake.usgs.gov/earthquakes/eventpage/nn00891519
810,"M 1.3 - 9 km ESE of Eielson Air Force Base, Alaska","9 km ESE of Eielson Air Force Base, Alaska",1.3,https://earthquake.usgs.gov/earthquakes/eventpage/ak025a0z8iq
1205,"M 1.3 - 20 km N of Four Mile Road, Alaska","20 km N of Four Mile Road, Alaska",1.3,https://earthquake.usgs.gov/earthquakes/eventpage/ak0256v72b9
1577,"M 1.3 - 19 km ENE of Willow, Alaska","19 km ENE of Willow, Alaska",1.3,https://earthquake.usgs.gov/earthquakes/eventpage/ak02551xpst
829,"M 1.3 - 29 km WSW of Salcha, Alaska","29 km WSW of Salcha, Alaska",1.3,https://earthquake.usgs.gov/earthquakes/eventpage/ak0259zrmdl
712,"M 1.3 - 18 km NE of Milford, Utah","18 km NE of Milford, Utah",1.3,https://earthquake.usgs.gov/earthquakes/eventpage/uu80099296
864,"M 1.3 - 20 km NNE of Yerington, Nevada","20 km NNE of Yerington, Nevada",1.3,https://earthquake.usgs.gov/earthquakes/eventpage/nn00891456
69,"M 1.3 - 23 km NNE of Coahoma, Texas","23 km NNE of Coahoma, Texas",1.3,https://earthquake.usgs.gov/earthquakes/eventpage/tx2025apiq
798,"M 1.3 - 9 km NW of The Geysers, CA","9 km NW of The Geysers, CA",1.29,https://earthquake.usgs.gov/earthquakes/eventpage/nc75113491
1721,"M 1.3 - 15 km SW of Searles Valley, CA","15 km SW of Searles Valley, CA",1.29,https://earthquake.usgs.gov/earthquakes/eventpage/ci40832479
115,"M 1.3 - 8 km NNE of San Jacinto, CA","8 km NNE of San Jacinto, CA",1.29,https://earthquake.usgs.gov/earthquakes/eventpage/ci40836351
1282,"M 1.3 - 14 km WNW of Emery, Utah","14 km WNW of Emery, Utah",1.29,https://earthquake.usgs.gov/earthquakes/eventpage/uu80099196
141,"M 1.3 - 22 km NW of Challis, Idaho","22 km NW of Challis, Idaho",1.29,https://earthquake.usgs.gov/earthquakes/eventpage/mb90070563
671,"M 1.3 - 3 km NW of The Geysers, CA","3 km NW of The Geysers, CA",1.29,https://earthquake.usgs.gov/earthquakes/eventpage/nc75113731
51,"M 1.3 - 5 km NNW of The Geysers, CA","5 km NNW of The Geysers, CA",1.29,https://earthquake.usgs.gov/earthquakes/eventpage/nc75114866
1012,"M 1.3 - 4 km WSW of Anderson Springs, CA","4 km WSW of Anderson Springs, CA",1.29,https://earthquake.usgs.gov/earthquakes/eventpage/nc75113091
1452,"M 1.3 - 2 km NW of The Geysers, CA","2 km NW of The Geysers, CA",1.29,https://earthquake.usgs.gov/earthquakes/eventpage/nc75112516
814,"M 1.3 - 3 km NW of The Geysers, CA","3 km NW of The Geysers, CA",1.28,https://earthquake.usgs.gov/earthquakes/eventpage/nc75113471
751,"M 1.3 - 9 km WNW of Cobb, CA","9 km WNW of Cobb, CA",1.28,https://earthquake.usgs.gov/earthquakes/eventpage/nc75113556
672,"M 1.3 - 13 km E of Trout Creek, Montana","13 km E of Trout Creek, Montana",1.28,https://earthquake.usgs.gov/earthquakes/eventpage/mb90070243
408,"M 1.3 - 6 km NE of Day Valley, CA","6 km NE of Day Valley, CA",1.28,https://earthquake.usgs.gov/earthquakes/eventpage/nc75114206
1399,"M 1.3 Quarry Blast - 3 km SW of Mill Creek, Oklahoma","3 km SW of Mill Creek, Oklahoma",1.28,https://earthquake.usgs.gov/earthquakes/eventpage/ok2025afiw
601,"M 1.3 - 3 km NNW of The Geysers, CA","3 km NNW of The Geysers, CA",1.28,https://earthquake.usgs.gov/earthquakes/eventpage/nc75113876
903,"M 1.3 - 7 km NW of The Geysers, CA","7 km NW of The Geysers, CA",1.27,https://earthquake.usgs.gov/earthquakes/eventpage/nc75113321
904,"M 1.3 - 8 km NNW of Julian, CA","8 km NNW of Julian, CA",1.27,https://earthquake.usgs.gov/earthquakes/eventpage/ci40834279
1750,"M 1.3 - 16 km NNE of Apple Valley, CA","16 km NNE of Apple Valley, CA",1.27,https://earthquake.usgs.gov/earthquakes/eventpage/ci40832423
788,"M 1.3 - 9 km N of Manhattan, Montana","9 km N of Manhattan, Montana",1.27,https://earthquake.usgs.gov/earthquakes/eventpage/mb90070188
685,"M 1.3 - 19 km ESE of Anza, CA","19 km ESE of Anza, CA",1.27,https://earthquake.usgs.gov/earthquakes/eventpage/ci40834815
46,"M 1.3 - 10 km SE of Lima, Montana","10 km SE of Lima, Montana",1.27,https://earthquake.usgs.gov/earthquakes/eventpage/mb90070598
743,"M 1.3 - 26 km NE of Thermal, CA","26 km NE of Thermal, CA",1.26,https://earthquake.usgs.gov/earthquakes/eventpage/ci40834527
138,"M 1.3 - 4 km SE of Ontario, CA","4 km SE of Ontario, CA",1.26,https://earthquake.usgs.gov/earthquakes/eventpage/ci40836319
1296,"M 1.3 - 15 km NE of Milford, Utah","15 km NE of Milford, Utah",1.26,https://earthquake.usgs.gov/earthquakes/eventpage/uu80099186
1310,"M 1.3 - 6 km WNW of Cobb, CA","6 km WNW of Cobb, CA",1.26,https://earthquake.usgs.gov/earthquakes/eventpage/nc75112726
128,"M 1.3 - 8 km NNW of The Geysers, CA","8 km NNW of The Geysers, CA",1.25,https://earthquake.usgs.gov/earthquakes/eventpage/nc75114736
781,"M 1.3 - 20 km N of Wisdom, Montana","20 km N of Wisdom, Montana",1.25,https://earthquake.usgs.gov/earthquakes/eventpage/mb90070193
155,"M 1.3 - 5 km S of Bombay Beach, CA","5 km S of Bombay Beach, CA",1.25,https://earthquake.usgs.gov/earthquakes/eventpage/ci40836263
30,"M 1.2 - 10 km NW of The Geysers, CA","10 km NW of The Geysers, CA",1.24,https://earthquake.usgs.gov/earthquakes/eventpage/nc75114891
650,"M 1.2 - 38 km ENE of Trona, CA","38 km ENE of Trona, CA",1.24,https://earthquake.usgs.gov/earthquakes/eventpage/ci40835007
501,"M 1.2 - 18 km SW of East Hope, Idaho","18 km SW of East Hope, Idaho",1.24,https://earthquake.usgs.gov/earthquakes/eventpage/mb90070423
257,"M 1.2 - 8 km NNW of The Geysers, CA","8 km NNW of The Geysers, CA",1.24,https://earthquake.usgs.gov/earthquakes/eventpage/nc75114481
1201,"M 1.2 - 29 km NNW of Joshua Tree, CA","29 km NNW of Joshua Tree, CA",1.24,https://earthquake.usgs.gov/earthquakes/eventpage/ci40833783
1381,"M 1.2 Explosion - 3 km S of Yacolt, Washington","3 km S of Yacolt, Washington",1.23,https://earthquake.usgs.gov/earthquakes/eventpage/uw62069626
202,"M 1.2 Quarry Blast - 13 km SE of Tehachapi, CA","13 km SE of Tehachapi, CA",1.23,https://earthquake.usgs.gov/earthquakes/eventpage/ci40836119
1706,"M 1.2 - 7 km WNW of Cobb, CA","7 km WNW of Cobb, CA",1.22,https://earthquake.usgs.gov/earthquakes/eventpage/nc75112161
679,"M 1.2 - 10 km NNW of Redwood Valley, CA","10 km NNW of Redwood Valley, CA",1.21,https://earthquake.usgs.gov/earthquakes/eventpage/nc75113706
723,"M 1.2 - 22 km E of Little Lake, CA","22 km E of Little Lake, CA",1.21,https://earthquake.usgs.gov/earthquakes/eventpage/ci40834647
1275,"M 1.2 - 37 km NNE of Amboy, Washington","37 km NNE of Amboy, Washington",1.21,https://earthquake.usgs.gov/earthquakes/eventpage/uw62061372
1661,"M 1.2 - 11 km NNW of Laytonville, CA","11 km NNW of Laytonville, CA",1.21,https://earthquake.usgs.gov/earthquakes/eventpage/nc75112241
1159,"M 1.2 - 4 km SSE of The Geysers, CA","4 km SSE of The Geysers, CA",1.21,https://earthquake.usgs.gov/earthquakes/eventpage/nc75112916
160,"M 1.2 - 3 km NNW of The Geysers, CA","3 km NNW of The Geysers, CA",1.21,https://earthquake.usgs.gov/earthquakes/eventpage/nc75114651
1597,"M 1.2 - 19 km NE of Yerington, Nevada","19 km NE of Yerington, Nevada",1.2,https://earthquake.usgs.gov/earthquakes/eventpage/nn00891299
0,"M 1.2 - 24 km NNE of Yerington, Nevada","24 km NNE of Yerington, Nevada",1.2,https://earthquake.usgs.gov/earthquakes/eventpage/nn00891662
304,"M 1.2 - 6 km SE of Gardendale, Texas","6 km SE of Gardendale, Texas",1.2,https://earthquake.usgs.gov/earthquakes/eventpage/tx2025anke
278,"M 1.2 - 33 km SSW of Coyanosa, Texas","33 km SSW of Coyanosa, Texas",1.2,https://earthquake.usgs.gov/earthquakes/eventpage/tx2025anqc
1129,"M 1.2 - 25 km NE of Yerington, Nevada","25 km NE of Yerington, Nevada",1.2,https://earthquake.usgs.gov/earthquakes/eventpage/nn00891442
1208,"M 1.2 - 20 km NNE of Yerington, Nevada","20 km NNE of Yerington, Nevada",1.2,https://earthquake.usgs.gov/earthquakes/eventpage/nn00891417
1198,"M 1.2 - 22 km NNE of Yerington, Nevada","22 km NNE of Yerington, Nevada",1.2,https://earthquake.usgs.gov/earthquakes/eventpage/nn00891418
827,"M 1.2 - 10 km ESE of Midland, Texas","10 km ESE of Midland, Texas",1.2,https://earthquake.usgs.gov/earthquakes/eventpage/tx2025ajmx
299,"M 1.2 - 82 km E of King Salmon, Alaska","82 km E of King Salmon, Alaska",1.2,https://earthquake.usgs.gov/earthquakes/eventpage/ak025dd6fuc
1549,"M 1.2 Ice Quake - 63 km NW of Tatitlek, Alaska","63 km NW of Tatitlek, Alaska",1.2,https://earthquake.usgs.gov/earthquakes/eventpage/ak02553jsjy
204,"M 1.2 - 3 km W of Lucien, Oklahoma","3 km W of Lucien, Oklahoma",1.2,https://earthquake.usgs.gov/earthquakes/eventpage/ok2025aogi
1221,"M 1.2 - 36 km SSW of Los Ybanez, Texas","36 km SSW of Los Ybanez, Texas",1.2,https://earthquake.usgs.gov/earthquakes/eventpage/tx2025agot
1075,"M 1.2 - 44 km SSW of Glacier View, Alaska","44 km SSW of Glacier View, Alaska",1.2,https://earthquake.usgs.gov/earthquakes/eventpage/ak0258dgihu
1609,"M 1.2 - 38 km SSE of Goldfield, Nevada","38 km SSE of Goldfield, Nevada",1.2,https://earthquake.usgs.gov/earthquakes/eventpage/nn00891288
1603,"M 1.2 - 36 km SSE of Goldfield, Nevada","36 km SSE of Goldfield, Nevada",1.2,https://earthquake.usgs.gov/earthquakes/eventpage/nn00891297
1483,"M 1.2 - 37 km S of Cantwell, Alaska","37 km S of Cantwell, Alaska",1.2,https://earthquake.usgs.gov/earthquakes/eventpage/ak02556ngx2
1501,"M 1.2 - 39 km SSE of Goldfield, Nevada","39 km SSE of Goldfield, Nevada",1.2,https://earthquake.usgs.gov/earthquakes/eventpage/nn00891322
926,"M 1.2 - 8 km SSE of Salcha, Alaska","8 km SSE of Salcha, Alaska",1.2,https://earthquake.usgs.gov/earthquakes/eventpage/ak0258mc226
1537,"M 1.2 - 35 km NNW of Mentone, Texas","35 km NNW of Mentone, Texas",1.2,https://earthquake.usgs.gov/earthquakes/eventpage/tx2025aejm
1540,"M 1.2 - 21 km E of Minto, Alaska","21 km E of Minto, Alaska",1.2,https://earthquake.usgs.gov/earthquakes/eventpage/ak025541l02
130,"M 1.2 - 16 km NE of Yerington, Nevada","16 km NE of Yerington, Nevada",1.2,https://earthquake.usgs.gov/earthquakes/eventpage/nn00891625
1166,"M 1.2 - 62 km WNW of Happy Valley, Alaska","62 km WNW of Happy Valley, Alaska",1.2,https://earthquake.usgs.gov/earthquakes/eventpage/ak0256xpg62
208,"M 1.2 - 83 km NW of Karluk, Alaska","83 km NW of Karluk, Alaska",1.2,https://earthquake.usgs.gov/earthquakes/eventpage/ak025dj8dgh
390,"M 1.2 - 21 km NNW of Stanton, Texas","21 km NNW of Stanton, Texas",1.2,https://earthquake.usgs.gov/earthquakes/eventpage/tx2025amsj
978,"M 1.2 - 11 km NW of Avenal, CA","11 km NW of Avenal, CA",1.2,https://earthquake.usgs.gov/earthquakes/eventpage/nc75113161
1266,"M 1.2 - 11 km NNE of Cabazon, CA","11 km NNE of Cabazon, CA",1.2,https://earthquake.usgs.gov/earthquakes/eventpage/ci40833695
1749,"M 1.2 - 67 km WNW of Tyonek, Alaska","67 km WNW of Tyonek, Alaska",1.2,https://earthquake.usgs.gov/earthquakes/eventpage/ak0253m0hl1
31,"M 1.2 - 24 km NNW of Westbrook, Texas","24 km NNW of Westbrook, Texas",1.2,https://earthquake.usgs.gov/earthquakes/eventpage/tx2025aptx
1506,"M 1.2 - 15 km NE of Milford, Utah","15 km NE of Milford, Utah",1.19,https://earthquake.usgs.gov/earthquakes/eventpage/uu80099141
1663,"M 1.2 - 18 km NNW of Borrego Springs, CA","18 km NNW of Borrego Springs, CA",1.19,https://earthquake.usgs.gov/earthquakes/eventpage/ci40832719
987,"M 1.2 - 8 km N of Manhattan, Montana","8 km N of Manhattan, Montana",1.18,https://earthquake.usgs.gov/earthquakes/eventpage/mb90070118
547,"M 1.2 - 23 km NE of Pine Valley, CA","23 km NE of Pine Valley, CA",1.18,https://earthquake.usgs.gov/earthquakes/eventpage/ci40835255
9,"M 1.2 - 26 km SSW of Ocotillo Wells, CA","26 km SSW of Ocotillo Wells, CA",1.18,https://earthquake.usgs.gov/earthquakes/eventpage/ci40836519
767,"M 1.2 - 3 km WSW of Anderson Springs, CA","3 km WSW of Anderson Springs, CA",1.18,https://earthquake.usgs.gov/earthquakes/eventpage/nc75113536
1446,"M 1.2 - 23 km WSW of Ocotillo Wells, CA","23 km WSW of Ocotillo Wells, CA",1.18,https://earthquake.usgs.gov/earthquakes/eventpage/ci40833199
571,"M 1.2 - 14 km WNW of Calipatria, CA","14 km WNW of Calipatria, CA",1.17,https://earthquake.usgs.gov/earthquakes/eventpage/ci40835199
1436,"M 1.2 - 7 km NNW of The Geysers, CA","7 km NNW of The Geysers, CA",1.17,https://earthquake.usgs.gov/earthquakes/eventpage/nc75112556
286,"M 1.2 - 12 km WNW of Cedar City, Utah","12 km WNW of Cedar City, Utah",1.17,https://earthquake.usgs.gov/earthquakes/eventpage/uu80002558
747,"M 1.2 - 20 km E of Little Lake, CA","20 km E of Little Lake, CA",1.17,https://earthquake.usgs.gov/earthquakes/eventpage/ci40834503
1392,"M 1.2 Quarry Blast - 2 km S of Mill Creek, Oklahoma","2 km S of Mill Creek, Oklahoma",1.17,https://earthquake.usgs.gov/earthquakes/eventpage/ok2025afjo
872,"M 1.2 - 3 km NE of Moreno Valley, CA","3 km NE of Moreno Valley, CA",1.16,https://earthquake.usgs.gov/earthquakes/eventpage/ci40834343
1644,"M 1.2 - 9 km NW of The Geysers, CA","9 km NW of The Geysers, CA",1.16,https://earthquake.usgs.gov/earthquakes/eventpage/nc75112261
99,"M 1.2 - 4 km SW of Anderson Springs, CA","4 km SW of Anderson Springs, CA",1.16,https://earthquake.usgs.gov/earthquakes/eventpage/nc75114781
542,"M 1.2 - 23 km NE of Pine Valley, CA","23 km NE of Pine Valley, CA",1.16,https://earthquake.usgs.gov/earthquakes/eventpage/ci40835271
248,"M 1.2 - 5 km SE of Pinnacles, CA","5 km SE of Pinnacles, CA",1.16,https://earthquake.usgs.gov/earthquakes/eventpage/nc75114501
42,"M 1.2 - 11 km SE of Lima, Montana","11 km SE of Lima, Montana",1.15,https://earthquake.usgs.gov/earthquakes/eventpage/mb90070603
284,"M 1.2 - 22 km SE of Challis, Idaho","22 km SE of Challis, Idaho",1.15,https://earthquake.usgs.gov/earthquakes/eventpage/mb90070488
1671,"M 1.2 - 3 km ENE of Moreno Valley, CA","3 km ENE of Moreno Valley, CA",1.15,https://earthquake.usgs.gov/earthquakes/eventpage/ci40832687
188,"M 1.2 Quarry Blast - 3 km ESE of Owasso, Oklahoma","3 km ESE of Owasso, Oklahoma",1.15,https://earthquake.usgs.gov/earthquakes/eventpage/ok2025aojq
1212,"M 1.2 - 10 km E of Toston, Montana","10 km E of Toston, Montana",1.15,https://earthquake.usgs.gov/earthquakes/eventpage/mb90070143
920,"M 1.2 - 14 km S of Searles Valley, CA","14 km S of Searles Valley, CA",1.15,https://earthquake.usgs.gov/earthquakes/eventpage/ci40834247
660,"M 1.1 - 11 km W of Skokomish, Washington","11 km W of Skokomish, Washington",1.1400000000000001,https://earthquake.usgs.gov/earthquakes/eventpage/uw62061577
935,"M 1.1 - 37 km W of Chignik Lake, Alaska","37 km W of Chignik Lake, Alaska",1.14,https://earthquake.usgs.gov/earthquakes/eventpage/av93445726
271,"M 1.1 - 5 km NW of The Geysers, CA","5 km NW of The Geysers, CA",1.14,https://earthquake.usgs.gov/earthquakes/eventpage/nc75114451
351,"M 1.1 - 6 km NNE of Windsor, CA","6 km NNE of Windsor, CA",1.14,https://earthquake.usgs.gov/earthquakes/eventpage/nc75114311
316,"M 1.1 - 8 km W of Drummond, Montana","8 km W of Drummond, Montana",1.14,https://earthquake.usgs.gov/earthquakes/eventpage/mb90070483
1120,"M 1.1 - 16 km W of El Centro, CA","16 km W of El Centro, CA",1.14,https://earthquake.usgs.gov/earthquakes/eventpage/ci40833959
345,"M 1.1 - 15 km SE of Waynoka, Oklahoma","15 km SE of Waynoka, Oklahoma",1.14,https://earthquake.usgs.gov/earthquakes/eventpage/ok2025anav
1303,"M 1.1 - 1 km E of The Geysers, CA","1 km E of The Geysers, CA",1.14,https://earthquake.usgs.gov/earthquakes/eventpage/nc75112741
260,"M 1.1 - 7 km NNW of The Geysers, CA","7 km NNW of The Geysers, CA",1.14,https://earthquake.usgs.gov/earthquakes/eventpage/nc75114471
486,"M 1.1 - 8 km NNW of The Geysers, CA","8 km NNW of The Geysers, CA",1.14,https://earthquake.usgs.gov/earthquakes/eventpage/nc75114021
67,"M 1.1 - 10 km SE of Lima, Montana","10 km SE of Lima, Montana",1.14,https://earthquake.usgs.gov/earthquakes/eventpage/mb90070573
1472,"M 1.1 - 2 km NW of The Geysers, CA","2 km NW of The Geysers, CA",1.13,https://earthquake.usgs.gov/earthquakes/eventpage/nc75112466
401,"M 1.1 - 8 km N of Anza, CA","8 km N of Anza, CA",1.13,https://earthquake.usgs.gov/earthquakes/eventpage/ci40835671
309,"M 1.1 - 6 km WNW of Cobb, CA","6 km WNW of Cobb, CA",1.12,https://earthquake.usgs.gov/earthquakes/eventpage/nc75114391
991,"M 1.1 - 3 km NW of Cobb, CA","3 km NW of Cobb, CA",1.12,https://earthquake.usgs.gov/earthquakes/eventpage/nc75113136
1696,"M 1.1 - 11 km NNE of Nuevo, CA","11 km NNE of Nuevo, CA",1.12,https://earthquake.usgs.gov/earthquakes/eventpage/ci40832535
1223,"M 1.1 - 19 km ESE of Anza, CA","19 km ESE of Anza, CA",1.12,https://earthquake.usgs.gov/earthquakes/eventpage/ci40833743
948,"M 1.1 - 13 km NW of The Geysers, CA","13 km NW of The Geysers, CA",1.12,https://earthquake.usgs.gov/earthquakes/eventpage/nc75113241
1316,"M 1.1 - 3 km NE of The Geysers, CA","3 km NE of The Geysers, CA",1.12,https://earthquake.usgs.gov/earthquakes/eventpage/nc75112721
786,"M 1.1 - 8 km WNW of Cobb, CA","8 km WNW of Cobb, CA",1.11,https://earthquake.usgs.gov/earthquakes/eventpage/nc75113506
1067,"M 1.1 - 56 km SW of Lima, Montana","56 km SW of Lima, Montana",1.11,https://earthquake.usgs.gov/earthquakes/eventpage/mb90070408
1209,"M 1.1 - 12 km SE of Middletown, CA","12 km SE of Middletown, CA",1.11,https://earthquake.usgs.gov/earthquakes/eventpage/nc75112856
1322,"M 1.1 - 22 km NE of Pine Valley, CA","22 km NE of Pine Valley, CA",1.11,https://earthquake.usgs.gov/earthquakes/eventpage/ci40833607
758,"M 1.1 - 6 km WNW of Cobb, CA","6 km WNW of Cobb, CA",1.11,https://earthquake.usgs.gov/earthquakes/eventpage/nc75113551
1707,"M 1.1 - 6 km NNW of The Geysers, CA","6 km NNW of The Geysers, CA",1.11,https://earthquake.usgs.gov/earthquakes/eventpage/nc75112156
329,"M 1.1 - 6 km WNW of Cobb, CA","6 km WNW of Cobb, CA",1.11,https://earthquake.usgs.gov/earthquakes/eventpage/nc75114346
1521,"M 1.1 - 6 km WNW of Borrego Springs, CA","6 km WNW of Borrego Springs, CA",1.11,https://earthquake.usgs.gov/earthquakes/eventpage/ci40832967
1724,"M 1.1 - 5 km NW of Cobb, CA","5 km NW of Cobb, CA",1.1,https://earthquake.usgs.gov/earthquakes/eventpage/nc75112126
171,"M 1.1 - 37 km SSE of Goldfield, Nevada","37 km SSE of Goldfield, Nevada",1.1,https://earthquake.usgs.gov/earthquakes/eventpage/nn00891618
16,"M 1.1 - 10 km SE of Lima, Montana","10 km SE of Lima, Montana",1.1,https://earthquake.usgs.gov/earthquakes/eventpage/mb90070643
1234,"M 1.1 - 24 km NNE of Yerington, Nevada","24 km NNE of Yerington, Nevada",1.1,https://earthquake.usgs.gov/earthquakes/eventpage/nn00891385
642,"M 1.1 - 7 km NNW of The Geysers, CA","7 km NNW of The Geysers, CA",1.1,https://earthquake.usgs.gov/earthquakes/eventpage/nc75113811
289,"M 1.1 - 16 km NE of Yerington, Nevada","16 km NE of Yerington, Nevada",1.1,https://earthquake.usgs.gov/earthquakes/eventpage/nn00891585
585,"M 1.1 - 36 km SSE of Goldfield, Nevada","36 km SSE of Goldfield, Nevada",1.1,https://earthquake.usgs.gov/earthquakes/eventpage/nn00891505
70,"M 1.1 - 18 km NE of Yerington, Nevada","18 km NE of Yerington, Nevada",1.1,https://earthquake.usgs.gov/earthquakes/eventpage/nn00891634
1196,"M 1.1 - 4 km S of Salcha, Alaska","4 km S of Salcha, Alaska",1.1,https://earthquake.usgs.gov/earthquakes/eventpage/ak0256vurks
40,"M 1.1 - 15 km NE of Yerington, Nevada","15 km NE of Yerington, Nevada",1.1,https://earthquake.usgs.gov/earthquakes/eventpage/nn00891638
1219,"M 1.1 - 16 km NE of Yerington, Nevada","16 km NE of Yerington, Nevada",1.1,https://earthquake.usgs.gov/earthquakes/eventpage/nn00891390
1479,"M 1.1 - 39 km NNW of Ester, Alaska","39 km NNW of Ester, Alaska",1.1,https://earthquake.usgs.gov/earthquakes/eventpage/ak02556ym46
472,"M 1.1 - 16 km NE of Yerington, Nevada","16 km NE of Yerington, Nevada",1.1,https://earthquake.usgs.gov/earthquakes/eventpage/nn00891520
873,"M 1.1 - 3 km NW of The Geysers, CA","3 km NW of The Geysers, CA",1.1,https://earthquake.usgs.gov/earthquakes/eventpage/nc75113391
167,"M 1.1 - 14 km ESE of Midland, Texas","14 km ESE of Midland, Texas",1.1,https://earthquake.usgs.gov/earthquakes/eventpage/tx2025aomk
1561,"M 1.1 - 13 km NNW of Sand Springs, Texas","13 km NNW of Sand Springs, Texas",1.1,https://earthquake.usgs.gov/earthquakes/eventpage/tx2025aefr
103,"M 1.1 - 20 km NW of Schurz, Nevada","20 km NW of Schurz, Nevada",1.1,https://earthquake.usgs.gov/earthquakes/eventpage/nn00891630
1088,"M 1.1 - 20 km NE of Yerington, Nevada","20 km NE of Yerington, Nevada",1.1,https://earthquake.usgs.gov/earthquakes/eventpage/nn00891406
1712,"M 1.1 - 4 km WNW of Cobb, CA","4 km WNW of Cobb, CA",1.1,https://earthquake.usgs.gov/earthquakes/eventpage/nc75112136
771,"M 1.1 - 31 km SSW of Los Ybanez, Texas","31 km SSW of Los Ybanez, Texas",1.1,https://earthquake.usgs.gov/earthquakes/eventpage/tx2025ajxr
1387,"M 1.1 - 6 km SE of Ackerly, Texas","6 km SE of Ackerly, Texas",1.1,https://earthquake.usgs.gov/earthquakes/eventpage/tx2025afkf
1453,"M 1.1 - 7 km NW of The Geysers, CA","7 km NW of The Geysers, CA",1.1,https://earthquake.usgs.gov/earthquakes/eventpage/nc75112511
1605,"M 1.1 - 43 km NW of Nikiski, Alaska","43 km NW of Nikiski, Alaska",1.1,https://earthquake.usgs.gov/earthquakes/eventpage/ak02550mlhw
877,"M 1.1 - 33 km WSW of Ackerly, Texas","33 km WSW of Ackerly, Texas",1.1,https://earthquake.usgs.gov/earthquakes/eventpage/tx2025ajid
1654,"M 1.1 - 12 km E of Cloverdale, CA","12 km E of Cloverdale, CA",1.1,https://earthquake.usgs.gov/earthquakes/eventpage/nc75112256
33,"M 1.1 - 23 km NNW of Westbrook, Texas","23 km NNW of Westbrook, Texas",1.1,https://earthquake.usgs.gov/earthquakes/eventpage/tx2025aptn
37,"M 1.1 - 15 km NE of Yerington, Nevada","15 km NE of Yerington, Nevada",1.1,https://earthquake.usgs.gov/earthquakes/eventpage/nn00891641
826,"M 1.1 - 24 km NNE of Yerington, Nevada","24 km NNE of Yerington, Nevada",1.1,https://earthquake.usgs.gov/earthquakes/eventpage/nn00891463
224,"M 1.1 - 4 km WNW of Borrego Springs, CA","4 km WNW of Borrego Springs, CA",1.09,https://earthquake.usgs.gov/earthquakes/eventpage/ci40836047
1262,"M 1.1 - 6 km NNW of The Geysers, CA","6 km NNW of The Geysers, CA",1.09,https://earthquake.usgs.gov/earthquakes/eventpage/nc75112786
1151,"M 1.1 - 11 km SE of Ocotillo Wells, CA","11 km SE of Ocotillo Wells, CA",1.09,https://earthquake.usgs.gov/earthquakes/eventpage/ci40833887
1374,"M 1.1 - 5 km NNW of The Geysers, CA","5 km NNW of The Geysers, CA",1.09,https://earthquake.usgs.gov/earthquakes/eventpage/nc75112656
654,"M 1.1 - 26 km NE of Thermal, CA","26 km NE of Thermal, CA",1.09,https://earthquake.usgs.gov/earthquakes/eventpage/ci40834991
652,"M 1.1 - 8 km NNW of The Geysers, CA","8 km NNW of The Geysers, CA",1.09,https://earthquake.usgs.gov/earthquakes/eventpage/nc75113801
1619,"M 1.1 - 22 km NE of Thermal, CA","22 km NE of Thermal, CA",1.09,https://earthquake.usgs.gov/earthquakes/eventpage/ci40832799
1744,"M 1.1 - 5 km ENE of Government Camp, Oregon","5 km ENE of Government Camp, Oregon",1.08,https://earthquake.usgs.gov/earthquakes/eventpage/uw62069531
1332,"M 1.1 - 2 km N of The Geysers, CA","2 km N of The Geysers, CA",1.08,https://earthquake.usgs.gov/earthquakes/eventpage/nc75112716
452,"M 1.1 - 13 km NNE of Cabazon, CA","13 km NNE of Cabazon, CA",1.08,https://earthquake.usgs.gov/earthquakes/eventpage/ci40835423
662,"M 1.1 - 26 km ENE of Thermal, CA","26 km ENE of Thermal, CA",1.08,https://earthquake.usgs.gov/earthquakes/eventpage/ci40834927
871,"M 1.1 - 7 km NNW of The Geysers, CA","7 km NNW of The Geysers, CA",1.08,https://earthquake.usgs.gov/earthquakes/eventpage/nc75113396
659,"M 1.1 Quarry Blast - 6 km WSW of Pala, CA","6 km WSW of Pala, CA",1.08,https://earthquake.usgs.gov/earthquakes/eventpage/ci40834951
770,"M 1.1 - 2 km N of The Geysers, CA","2 km N of The Geysers, CA",1.08,https://earthquake.usgs.gov/earthquakes/eventpage/nc75113526
936,"M 1.1 - 35 km SE of West Yellowstone, Montana","35 km SE of West Yellowstone, Montana",1.08,https://earthquake.usgs.gov/earthquakes/eventpage/uu80099266
959,"M 1.1 - 2 km NNW of The Geysers, CA","2 km NNW of The Geysers, CA",1.08,https://earthquake.usgs.gov/earthquakes/eventpage/nc75113216
537,"M 1.1 - 23 km NE of Pine Valley, CA","23 km NE of Pine Valley, CA",1.08,https://earthquake.usgs.gov/earthquakes/eventpage/ci40835287
563,"M 1.1 - 38 km W of Nikiski, Alaska","38 km W of Nikiski, Alaska",1.08,https://earthquake.usgs.gov/earthquakes/eventpage/av93447106
1628,"M 1.1 - 22 km NE of Thermal, CA","22 km NE of Thermal, CA",1.08,https://earthquake.usgs.gov/earthquakes/eventpage/ci40832775
1008,"M 1.1 - 2 km ENE of The Geysers, CA","2 km ENE of The Geysers, CA",1.08,https://earthquake.usgs.gov/earthquakes/eventpage/nc75113101
760,"M 1.1 - 19 km E of Leadore, Idaho","19 km E of Leadore, Idaho",1.08,https://earthquake.usgs.gov/earthquakes/eventpage/mb90070198
1152,"M 1.1 - 5 km WNW of Cobb, CA","5 km WNW of Cobb, CA",1.08,https://earthquake.usgs.gov/earthquakes/eventpage/nc75112926
1555,"M 1.1 - 22 km NE of Thermal, CA","22 km NE of Thermal, CA",1.08,https://earthquake.usgs.gov/earthquakes/eventpage/ci40832911
940,"M 1.1 - 15 km W of Johannesburg, CA","15 km W of Johannesburg, CA",1.07,https://earthquake.usgs.gov/earthquakes/eventpage/ci40834199
1461,"M 1.1 - 14 km W of El Centro, CA","14 km W of El Centro, CA",1.07,https://earthquake.usgs.gov/earthquakes/eventpage/ci40833127
1167,"M 1.1 - 5 km NW of The Geysers, CA","5 km NW of The Geysers, CA",1.07,https://earthquake.usgs.gov/earthquakes/eventpage/nc75112906
734,"M 1.1 - 7 km NW of The Geysers, CA","7 km NW of The Geysers, CA",1.07,https://earthquake.usgs.gov/earthquakes/eventpage/nc75113576
993,"M 1.1 - 7 km NW of The Geysers, CA","7 km NW of The Geysers, CA",1.07,https://earthquake.usgs.gov/earthquakes/eventpage/nc75113126
1723,"M 1.1 - 4 km WNW of The Geysers, CA","4 km WNW of The Geysers, CA",1.07,https://earthquake.usgs.gov/earthquakes/eventpage/nc75112131
893,"M 1.1 - 7 km NW of The Geysers, CA","7 km NW of The Geysers, CA",1.07,https://earthquake.usgs.gov/earthquakes/eventpage/nc75113351
1686,"M 1.1 - 8 km WNW of Cobb, CA","8 km WNW of Cobb, CA",1.07,https://earthquake.usgs.gov/earthquakes/eventpage/nc75112196
230,"M 1.1 - 13 km ENE of Ridgecrest, CA","13 km ENE of Ridgecrest, CA",1.07,https://earthquake.usgs.gov/earthquakes/eventpage/ci40835999
1602,"M 1.1 - 7 km NW of The Geysers, CA","7 km NW of The Geysers, CA",1.07,https://earthquake.usgs.gov/earthquakes/eventpage/nc75112301
245,"M 1.1 - 9 km ENE of Orcutt, CA","9 km ENE of Orcutt, CA",1.07,https://earthquake.usgs.gov/earthquakes/eventpage/ci40835911
687,"M 1.1 - 46 km ESE of West Yellowstone, Montana","46 km ESE of West Yellowstone, Montana",1.07,https://earthquake.usgs.gov/earthquakes/eventpage/uu80099301
595,"M 1.1 - 13 km E of Cloverdale, CA","13 km E of Cloverdale, CA",1.07,https://earthquake.usgs.gov/earthquakes/eventpage/nc75113881
1074,"M 1.1 - 6 km NNE of Borrego Springs, CA","6 km NNE of Borrego Springs, CA",1.07,https://earthquake.usgs.gov/earthquakes/eventpage/ci40834047
739,"M 1.1 - 1 km NE of Mullan, Idaho","1 km NE of Mullan, Idaho",1.07,https://earthquake.usgs.gov/earthquakes/eventpage/mb90070418
496,"M 1.1 - 23 km NE of Pine Valley, CA","23 km NE of Pine Valley, CA",1.07,https://earthquake.usgs.gov/earthquakes/eventpage/ci40835319
943,"M 1.1 - 15 km S of Salton City, CA","15 km S of Salton City, CA",1.06,https://earthquake.usgs.gov/earthquakes/eventpage/ci40834191
149,"M 1.1 - 5 km NNW of The Geysers, CA","5 km NNW of The Geysers, CA",1.06,https://earthquake.usgs.gov/earthquakes/eventpage/nc75114681
1368,"M 1.1 - 21 km ESE of Bodfish, CA","21 km ESE of Bodfish, CA",1.06,https://earthquake.usgs.gov/earthquakes/eventpage/ci40833511
708,"M 1.1 - 5 km NW of The Geysers, CA","5 km NW of The Geysers, CA",1.06,https://earthquake.usgs.gov/earthquakes/eventpage/nc75113651
451,"M 1.1 - 26 km W of Chignik Lake, Alaska","26 km W of Chignik Lake, Alaska",1.06,https://earthquake.usgs.gov/earthquakes/eventpage/av93447496
68,"M 1.1 - 25 km SW of Ocotillo Wells, CA","25 km SW of Ocotillo Wells, CA",1.06,https://earthquake.usgs.gov/earthquakes/eventpage/ci40836415
1667,"M 1.1 - 11 km W of El Centro, CA","11 km W of El Centro, CA",1.05,https://earthquake.usgs.gov/earthquakes/eventpage/ci40832703
833,"M 1.1 - 1 km NNW of The Geysers, CA","1 km NNW of The Geysers, CA",1.05,https://earthquake.usgs.gov/earthquakes/eventpage/nc75113431
1389,"M 1.1 - 10 km NNW of The Geysers, CA","10 km NNW of The Geysers, CA",1.05,https://earthquake.usgs.gov/earthquakes/eventpage/nc75112626
310,"M 1.1 - 6 km WNW of Cobb, CA","6 km WNW of Cobb, CA",1.05,https://earthquake.usgs.gov/earthquakes/eventpage/nc75114386
488,"M 1.1 - 2 km S of Alberton, Montana","2 km S of Alberton, Montana",1.05,https://earthquake.usgs.gov/earthquakes/eventpage/mb90070368
772,"M 1.1 - 2 km  of The Geysers, CA","2 km  of The Geysers, CA",1.05,https://earthquake.usgs.gov/earthquakes/eventpage/nc75113521
364,"M 1.0 - 2 km N of The Geysers, CA","2 km N of The Geysers, CA",1.04,https://earthquake.usgs.gov/earthquakes/eventpage/nc75114296
1112,"M 1.0 - 4 km NW of Cobb, CA","4 km NW of Cobb, CA",1.04,https://earthquake.usgs.gov/earthquakes/eventpage/nc75112966
34,"M 1.0 - 23 km NE of Pine Valley, CA","23 km NE of Pine Valley, CA",1.04,https://earthquake.usgs.gov/earthquakes/eventpage/ci40836463
1666,"M 1.0 - 6 km WNW of Cobb, CA","6 km WNW of Cobb, CA",1.04,https://earthquake.usgs.gov/earthquakes/eventpage/nc75112226
1308,"M 1.0 - 21 km ESE of Bodfish, CA","21 km ESE of Bodfish, CA",1.04,https://earthquake.usgs.gov/earthquakes/eventpage/ci40833639
521,"M 1.0 - 8 km NNW of The Geysers, CA","8 km NNW of The Geysers, CA",1.04,https://earthquake.usgs.gov/earthquakes/eventpage/nc75113981
491,"M 1.0 - 23 km NE of Pine Valley, CA","23 km NE of Pine Valley, CA",1.04,https://earthquake.usgs.gov/earthquakes/eventpage/ci40835335
505,"M 1.0 - 7 km NE of Moreno Valley, CA","7 km NE of Moreno Valley, CA",1.04,https://earthquake.usgs.gov/earthquakes/eventpage/ci40835311
976,"M 1.0 - 8 km NNW of The Geysers, CA","8 km NNW of The Geysers, CA",1.03,https://earthquake.usgs.gov/earthquakes/eventpage/nc75113166
1140,"M 1.0 - 7 km NW of The Geysers, CA","7 km NW of The Geysers, CA",1.03,https://earthquake.usgs.gov/earthquakes/eventpage/nc75112951
946,"M 1.0 - 2 km SE of Borrego Springs, CA","2 km SE of Borrego Springs, CA",1.03,https://earthquake.usgs.gov/earthquakes/eventpage/ci40834167
100,"M 1.0 - 10 km NW of The Geysers, CA","10 km NW of The Geysers, CA",1.03,https://earthquake.usgs.gov/earthquakes/eventpage/nc75114776
92,"M 1.0 - 8 km NNW of The Geysers, CA","8 km NNW of The Geysers, CA",1.03,https://earthquake.usgs.gov/earthquakes/eventpage/nc75114801
1158,"M 1.0 - 16 km W of El Centro, CA","16 km W of El Centro, CA",1.03,https://earthquake.usgs.gov/earthquakes/eventpage/ci40833871
1104,"M 1.0 - 25 km W of Coso Junction, CA","25 km W of Coso Junction, CA",1.02,https://earthquake.usgs.gov/earthquakes/eventpage/ci40833983
446,"M 1.0 - 2 km NNW of The Geysers, CA","2 km NNW of The Geysers, CA",1.02,https://earthquake.usgs.gov/earthquakes/eventpage/nc75114096
670,"M 1.0 Explosion - 2 km W of Kapowsin, Washington","2 km W of Kapowsin, Washington",1.02,https://earthquake.usgs.gov/earthquakes/eventpage/uw62061572
66,"M 1.0 - 10 km SE of Lima, Montana","10 km SE of Lima, Montana",1.02,https://earthquake.usgs.gov/earthquakes/eventpage/mb90070578
1510,"M 1.0 - 7 km WNW of Cobb, CA","7 km WNW of Cobb, CA",1.02,https://earthquake.usgs.gov/earthquakes/eventpage/nc75112411
610,"M 1.0 - 18 km E of Finley Point, Montana","18 km E of Finley Point, Montana",1.02,https://earthquake.usgs.gov/earthquakes/eventpage/mb90070283
1570,"M 1.0 - 23 km NW of Forks, Washington","23 km NW of Forks, Washington",1.02,https://earthquake.usgs.gov/earthquakes/eventpage/uw62069576
504,"M 1.0 - 7 km NNW of The Geysers, CA","7 km NNW of The Geysers, CA",1.01,https://earthquake.usgs.gov/earthquakes/eventpage/nc75114001
48,"M 1.0 - 10 km SE of Lima, Montana","10 km SE of Lima, Montana",1.01,https://earthquake.usgs.gov/earthquakes/eventpage/mb90070593
565,"M 1.0 - 23 km NE of Pine Valley, CA","23 km NE of Pine Valley, CA",1.01,https://earthquake.usgs.gov/earthquakes/eventpage/ci40835215
1502,"M 1.0 - 37 km SSE of Goldfield, Nevada","37 km SSE of Goldfield, Nevada",1.0,https://earthquake.usgs.gov/earthquakes/eventpage/nn00891321
453,"M 1.0 - 23 km NNE of Yerington, Nevada","23 km NNE of Yerington, Nevada",1.0,https://earthquake.usgs.gov/earthquakes/eventpage/nn00891528
1568,"M 1.0 - 2 km WNW of Topaz Lake, Nevada","2 km WNW of Topaz Lake, Nevada",1.0,https://earthquake.usgs.gov/earthquakes/eventpage/nn00891333
1135,"M 1.0 - 16 km NE of Yerington, Nevada","16 km NE of Yerington, Nevada",1.0,https://earthquake.usgs.gov/earthquakes/eventpage/nn00891405
1171,"M 1.0 - 15 km NE of Yerington, Nevada","15 km NE of Yerington, Nevada",1.0,https://earthquake.usgs.gov/earthquakes/eventpage/nn00891423
995,"M 1.0 - 64 km WNW of Beluga, Alaska","64 km WNW of Beluga, Alaska",1.0,https://earthquake.usgs.gov/earthquakes/eventpage/ak0258idbpl
1658,"M 1.0 - 18 km N of Meadow Lakes, Alaska","18 km N of Meadow Lakes, Alaska",1.0,https://earthquake.usgs.gov/earthquakes/eventpage/ak0254yqeaz
1289,"M 1.0 - 9 km NE of Indio, CA","9 km NE of Indio, CA",1.0,https://earthquake.usgs.gov/earthquakes/eventpage/ci40833679
1631,"M 1.0 - 65 km WNW of Tyonek, Alaska","65 km WNW of Tyonek, Alaska",1.0,https://earthquake.usgs.gov/earthquakes/eventpage/ak0254zz7nx
444,"M 1.0 - 17 km S of Ackerly, Texas","17 km S of Ackerly, Texas",1.0,https://earthquake.usgs.gov/earthquakes/eventpage/tx2025amhn
1677,"M 1.0 - 14 km SE of Alamo, Nevada","14 km SE of Alamo, Nevada",1.0,https://earthquake.usgs.gov/earthquakes/eventpage/nn00891267
783,"M 1.0 - 19 km NNE of Yerington, Nevada","19 km NNE of Yerington, Nevada",1.0,https://earthquake.usgs.gov/earthquakes/eventpage/nn00891466
140,"M 1.0 - 17 km ESE of Julian, CA","17 km ESE of Julian, CA",0.99,https://earthquake.usgs.gov/earthquakes/eventpage/ci40836311
1377,"M 1.0 Quarry Blast - 4 km SW of Winchester, CA","4 km SW of Winchester, CA",0.99,https://earthquake.usgs.gov/earthquakes/eventpage/ci40833479
1398,"M 1.0 - 8 km NW of The Geysers, CA","8 km NW of The Geysers, CA",0.99,https://earthquake.usgs.gov/earthquakes/eventpage/nc75112611
1242,"M 1.0 - 3 km SE of San Jacinto, CA","3 km SE of San Jacinto, CA",0.99,https://earthquake.usgs.gov/earthquakes/eventpage/ci40833735
17,"M 1.0 - 11 km SE of Lima, Montana","11 km SE of Lima, Montana",0.99,https://earthquake.usgs.gov/earthquakes/eventpage/mb90070638
1622,"M 1.0 - 4 km W of Lincoln, Montana","4 km W of Lincoln, Montana",0.99,https://earthquake.usgs.gov/earthquakes/eventpage/mb90070068
391,"M 1.0 - 15 km E of Milford, Utah","15 km E of Milford, Utah",0.99,https://earthquake.usgs.gov/earthquakes/eventpage/uu80099341
957,"M 1.0 - 7 km NW of The Geysers, CA","7 km NW of The Geysers, CA",0.98,https://earthquake.usgs.gov/earthquakes/eventpage/nc75113226
596,"M 1.0 - 17 km ESE of Anza, CA","17 km ESE of Anza, CA",0.98,https://earthquake.usgs.gov/earthquakes/eventpage/ci40835151
28,"M 1.0 - 15 km N of Borrego Springs, CA","15 km N of Borrego Springs, CA",0.98,https://earthquake.usgs.gov/earthquakes/eventpage/ci40836471
1143,"M 1.0 - 9 km SSE of Dibble, Oklahoma","9 km SSE of Dibble, Oklahoma",0.98,https://earthquake.usgs.gov/earthquakes/eventpage/ok2025ahgm
759,"M 1.0 - 16 km NNW of Summit Park, Utah","16 km NNW of Summit Park, Utah",0.97,https://earthquake.usgs.gov/earthquakes/eventpage/uu80099286
154,"M 1.0 - 8 km NNW of The Geysers, CA","8 km NNW of The Geysers, CA",0.96,https://earthquake.usgs.gov/earthquakes/eventpage/nc75114661
1626,"M 1.0 - 22 km NE of Thermal, CA","22 km NE of Thermal, CA",0.96,https://earthquake.usgs.gov/earthquakes/eventpage/ci40832791
971,"M 1.0 - 12 km NW of The Geysers, CA","12 km NW of The Geysers, CA",0.96,https://earthquake.usgs.gov/earthquakes/eventpage/nc75113181
1122,"M 1.0 - 14 km W of El Centro, CA","14 km W of El Centro, CA",0.96,https://earthquake.usgs.gov/earthquakes/eventpage/ci40833951
1700,"M 1.0 - 9 km NW of The Geysers, CA","9 km NW of The Geysers, CA",0.96,https://earthquake.usgs.gov/earthquakes/eventpage/nc75112166
932,"M 1.0 - 4 km E of Loma Linda, CA","4 km E of Loma Linda, CA",0.95,https://earthquake.usgs.gov/earthquakes/eventpage/ci40834215
1121,"M 0.9 - 16 km W of El Centro, CA","16 km W of El Centro, CA",0.94,https://earthquake.usgs.gov/earthquakes/eventpage/ci37693996
958,"M 0.9 - 2 km NNE of The Geysers, CA","2 km NNE of The Geysers, CA",0.94,https://earthquake.usgs.gov/earthquakes/eventpage/nc75113221
925,"M 0.9 - 8 km WNW of Mojave, CA","8 km WNW of Mojave, CA",0.94,https://earthquake.usgs.gov/earthquakes/eventpage/ci40834231
1281,"M 0.9 - 9 km NW of The Geysers, CA","9 km NW of The Geysers, CA",0.94,https://earthquake.usgs.gov/earthquakes/eventpage/nc75112766
1294,"M 0.9 - 8 km NNE of Borrego Springs, CA","8 km NNE of Borrego Springs, CA",0.94,https://earthquake.usgs.gov/earthquakes/eventpage/ci40833663
1018,"M 0.9 - 15 km NE of Little Lake, CA","15 km NE of Little Lake, CA",0.94,https://earthquake.usgs.gov/earthquakes/eventpage/ci40834071
1563,"M 0.9 - 4 km E of View Park-Windsor Hills, CA","4 km E of View Park-Windsor Hills, CA",0.94,https://earthquake.usgs.gov/earthquakes/eventpage/ci40832895
32,"M 0.9 - 10 km SE of Lima, Montana","10 km SE of Lima, Montana",0.94,https://earthquake.usgs.gov/earthquakes/eventpage/mb90070623
1125,"M 0.9 - 16 km N of Borrego Springs, CA","16 km N of Borrego Springs, CA",0.94,https://earthquake.usgs.gov/earthquakes/eventpage/ci40833943
638,"M 0.9 - 7 km NW of The Geysers, CA","7 km NW of The Geysers, CA",0.93,https://earthquake.usgs.gov/earthquakes/eventpage/nc75113831
371,"M 0.9 - 9 km SE of Lima, Montana","9 km SE of Lima, Montana",0.93,https://earthquake.usgs.gov/earthquakes/eventpage/mb90070468
639,"M 0.9 - 23 km SW of New Idria, CA","23 km SW of New Idria, CA",0.93,https://earthquake.usgs.gov/earthquakes/eventpage/nc75113826
1689,"M 0.9 - 7 km NW of The Geysers, CA","7 km NW of The Geysers, CA",0.93,https://earthquake.usgs.gov/earthquakes/eventpage/nc75112191
285,"M 0.9 - 15 km NNW of Ocotillo Wells, CA","15 km NNW of Ocotillo Wells, CA",0.93,https://earthquake.usgs.gov/earthquakes/eventpage/ci40835871
961,"M 0.9 - 11 km W of Johannesburg, CA","11 km W of Johannesburg, CA",0.92,https://earthquake.usgs.gov/earthquakes/eventpage/ci40834127
21,"M 0.9 - 11 km SE of Lima, Montana","11 km SE of Lima, Montana",0.92,https://earthquake.usgs.gov/earthquakes/eventpage/mb90070633
543,"M 0.9 - 24 km NE of Pine Valley, CA","24 km NE of Pine Valley, CA",0.92,https://earthquake.usgs.gov/earthquakes/eventpage/ci37694060
330,"M 0.9 - 24 km WNW of Niarada, Montana","24 km WNW of Niarada, Montana",0.92,https://earthquake.usgs.gov/earthquakes/eventpage/mb90070503
1042,"M 0.9 - 7 km NNW of The Geysers, CA","7 km NNW of The Geysers, CA",0.92,https://earthquake.usgs.gov/earthquakes/eventpage/nc75113051
750,"M 0.9 - 19 km E of Leadore, Idaho","19 km E of Leadore, Idaho",0.92,https://earthquake.usgs.gov/earthquakes/eventpage/mb90070203
928,"M 0.9 - 6 km SSW of Warner Springs, CA","6 km SSW of Warner Springs, CA",0.92,https://earthquake.usgs.gov/earthquakes/eventpage/ci40834223
295,"M 0.9 - 4 km ESE of Driggs, Idaho","4 km ESE of Driggs, Idaho",0.92,https://earthquake.usgs.gov/earthquakes/eventpage/mb90070518
5,"M 0.9 - 11 km SE of Lima, Montana","11 km SE of Lima, Montana",0.92,https://earthquake.usgs.gov/earthquakes/eventpage/mb90070653
609,"M 0.9 - 19 km E of Finley Point, Montana","19 km E of Finley Point, Montana",0.91,https://earthquake.usgs.gov/earthquakes/eventpage/mb90070288
377,"M 0.9 - 9 km NW of The Geysers, CA","9 km NW of The Geysers, CA",0.91,https://earthquake.usgs.gov/earthquakes/eventpage/nc75114271
717,"M 0.9 - 10 km NW of The Geysers, CA","10 km NW of The Geysers, CA",0.91,https://earthquake.usgs.gov/earthquakes/eventpage/nc75113616
1604,"M 0.9 - 5 km W of Salcha, Alaska","5 km W of Salcha, Alaska",0.9,https://earthquake.usgs.gov/earthquakes/eventpage/ak02550o8hc
3,"M 0.9 - 37 km SSE of Goldfield, Nevada","37 km SSE of Goldfield, Nevada",0.9,https://earthquake.usgs.gov/earthquakes/eventpage/nn00891660
14,"M 0.9 - 39 km SSE of Goldfield, Nevada","39 km SSE of Goldfield, Nevada",0.9,https://earthquake.usgs.gov/earthquakes/eventpage/nn00891650
1367,"M 0.9 - 7 km ESE of Black Diamond, Washington","7 km ESE of Black Diamond, Washington",0.9,https://earthquake.usgs.gov/earthquakes/eventpage/uw62069631
1520,"M 0.9 - 39 km S of Goldfield, Nevada","39 km S of Goldfield, Nevada",0.9,https://earthquake.usgs.gov/earthquakes/eventpage/nn00891314
1179,"M 0.9 - 11 km ESE of Smith, Nevada","11 km ESE of Smith, Nevada",0.9,https://earthquake.usgs.gov/earthquakes/eventpage/nn00891422
1733,"M 0.9 - 9 km NW of The Geysers, CA","9 km NW of The Geysers, CA",0.9,https://earthquake.usgs.gov/earthquakes/eventpage/nc75112116
1571,"M 0.9 - 39 km SSE of Goldfield, Nevada","39 km SSE of Goldfield, Nevada",0.9,https://earthquake.usgs.gov/earthquakes/eventpage/nn00891309
544,"M 0.9 - 30 km NNE of Beatty, Nevada","30 km NNE of Beatty, Nevada",0.9,https://earthquake.usgs.gov/earthquakes/eventpage/nn00891569
39,"M 0.9 - 10 km SE of Lima, Montana","10 km SE of Lima, Montana",0.9,https://earthquake.usgs.gov/earthquakes/eventpage/mb90070618
696,"M 0.9 - 16 km NE of Yerington, Nevada","16 km NE of Yerington, Nevada",0.9,https://earthquake.usgs.gov/earthquakes/eventpage/nn00891478
1233,"M 0.9 - 14 km NE of Yerington, Nevada","14 km NE of Yerington, Nevada",0.9,https://earthquake.usgs.gov/earthquakes/eventpage/nn00891386
906,"M 0.9 - 52 km S of Silver Peak, Nevada","52 km S of Silver Peak, Nevada",0.9,https://earthquake.usgs.gov/earthquakes/eventpage/nn00891453
78,"M 0.9 - 1 km SSW of Yorba Linda, CA","1 km SSW of Yorba Linda, CA",0.9,https://earthquake.usgs.gov/earthquakes/eventpage/ci40836383
854,"M 0.9 - 68 km WNW of Tyonek, Alaska","68 km WNW of Tyonek, Alaska",0.9,https://earthquake.usgs.gov/earthquakes/eventpage/ak0259z36ru
1154,"M 0.9 - 70 km WNW of Beluga, Alaska","70 km WNW of Beluga, Alaska",0.9,https://earthquake.usgs.gov/earthquakes/eventpage/ak0256yxltk
1550,"M 0.9 - 6 km WNW of Anza, CA","6 km WNW of Anza, CA",0.89,https://earthquake.usgs.gov/earthquakes/eventpage/ci37693900
1735,"M 0.9 - 6 km NNW of The Geysers, CA","6 km NNW of The Geysers, CA",0.89,https://earthquake.usgs.gov/earthquakes/eventpage/nc75112111
196,"M 0.9 - 7 km NW of The Geysers, CA","7 km NW of The Geysers, CA",0.89,https://earthquake.usgs.gov/earthquakes/eventpage/nc75114611
1141,"M 0.9 - 6 km NW of The Geysers, CA","6 km NW of The Geysers, CA",0.89,https://earthquake.usgs.gov/earthquakes/eventpage/nc75112946
84,"M 0.9 - 11 km NE of Julian, CA","11 km NE of Julian, CA",0.89,https://earthquake.usgs.gov/earthquakes/eventpage/ci40836375
460,"M 0.9 - 8 km SW of Radersburg, Montana","8 km SW of Radersburg, Montana",0.89,https://earthquake.usgs.gov/earthquakes/eventpage/mb90070268
1513,"M 0.9 - 16 km ENE of Borrego Springs, CA","16 km ENE of Borrego Springs, CA",0.89,https://earthquake.usgs.gov/earthquakes/eventpage/ci40832983
1739,"M 0.9 - 4 km ENE of Government Camp, Oregon","4 km ENE of Government Camp, Oregon",0.89,https://earthquake.usgs.gov/earthquakes/eventpage/uw62069536
1022,"M 0.9 - 15 km NE of Little Lake, CA","15 km NE of Little Lake, CA",0.89,https://earthquake.usgs.gov/earthquakes/eventpage/ci40834063
376,"M 0.9 - 8 km WSW of Anza, CA","8 km WSW of Anza, CA",0.88,https://earthquake.usgs.gov/earthquakes/eventpage/ci40835767
887,"M 0.9 - 9 km E of Toston, Montana","9 km E of Toston, Montana",0.88,https://earthquake.usgs.gov/earthquakes/eventpage/mb90070178
293,"M 0.9 - 3 km ESE of Driggs, Idaho","3 km ESE of Driggs, Idaho",0.88,https://earthquake.usgs.gov/earthquakes/eventpage/mb90070523
292,"M 0.9 - 4 km ESE of Driggs, Idaho","4 km ESE of Driggs, Idaho",0.88,https://earthquake.usgs.gov/earthquakes/eventpage/mb90070528
706,"M 0.9 - 8 km SW of Idyllwild, CA","8 km SW of Idyllwild, CA",0.87,https://earthquake.usgs.gov/earthquakes/eventpage/ci40834719
980,"M 0.9 - 8 km SE of Lincoln, Montana","8 km SE of Lincoln, Montana",0.87,https://earthquake.usgs.gov/earthquakes/eventpage/mb90070173
1320,"M 0.9 - 36 km NNE of Amboy, Washington","36 km NNE of Amboy, Washington",0.87,https://earthquake.usgs.gov/earthquakes/eventpage/uw62061367
611,"M 0.9 - 20 km E of Finley Point, Montana","20 km E of Finley Point, Montana",0.87,https://earthquake.usgs.gov/earthquakes/eventpage/mb90070278
1692,"M 0.9 - 33 km SSE of Virginia City, Montana","33 km SSE of Virginia City, Montana",0.86,https://earthquake.usgs.gov/earthquakes/eventpage/mb90070058
1085,"M 0.9 - 4 km NNW of The Geysers, CA","4 km NNW of The Geysers, CA",0.86,https://earthquake.usgs.gov/earthquakes/eventpage/nc75113001
1169,"M 0.9 - 4 km NNW of Fontana, CA","4 km NNW of Fontana, CA",0.86,https://earthquake.usgs.gov/earthquakes/eventpage/ci40833823
1302,"M 0.9 - 15 km S of Salton City, CA","15 km S of Salton City, CA",0.86,https://earthquake.usgs.gov/earthquakes/eventpage/ci40833647
91,"M 0.9 - 2 km NW of The Geysers, CA","2 km NW of The Geysers, CA",0.86,https://earthquake.usgs.gov/earthquakes/eventpage/nc75114806
841,"M 0.9 - 22 km WNW of Lima, Montana","22 km WNW of Lima, Montana",0.86,https://earthquake.usgs.gov/earthquakes/eventpage/mb90070183
1214,"M 0.9 - 10 km E of Toston, Montana","10 km E of Toston, Montana",0.86,https://earthquake.usgs.gov/earthquakes/eventpage/mb90070148
915,"M 0.9 - 63 km WNW of Tyonek, Alaska","63 km WNW of Tyonek, Alaska",0.86,https://earthquake.usgs.gov/earthquakes/eventpage/av93445801
1076,"M 0.9 - 7 km WSW of Corona, CA","7 km WSW of Corona, CA",0.85,https://earthquake.usgs.gov/earthquakes/eventpage/ci37694036
145,"M 0.9 - 3 km NW of The Geysers, CA","3 km NW of The Geysers, CA",0.85,https://earthquake.usgs.gov/earthquakes/eventpage/nc75114691
49,"M 0.9 - 10 km SE of Lima, Montana","10 km SE of Lima, Montana",0.85,https://earthquake.usgs.gov/earthquakes/eventpage/mb90070588
1627,"M 0.9 - 21 km NE of Thermal, CA","21 km NE of Thermal, CA",0.85,https://earthquake.usgs.gov/earthquakes/eventpage/ci40832783
1379,"M 0.9 - 9 km SSE of Kelseyville, CA","9 km SSE of Kelseyville, CA",0.85,https://earthquake.usgs.gov/earthquakes/eventpage/nc75112636
785,"M 0.9 - 4 km ENE of Palomar Observatory, CA","4 km ENE of Palomar Observatory, CA",0.85,https://earthquake.usgs.gov/earthquakes/eventpage/ci40834447
648,"M 0.8 - 14 km SSE of Harrah, Washington","14 km SSE of Harrah, Washington",0.84,https://earthquake.usgs.gov/earthquakes/eventpage/uw62061592
1449,"M 0.8 - 8 km WNW of Cobb, CA","8 km WNW of Cobb, CA",0.84,https://earthquake.usgs.gov/earthquakes/eventpage/nc75112526
678,"M 0.8 - 2 km NNW of The Geysers, CA","2 km NNW of The Geysers, CA",0.84,https://earthquake.usgs.gov/earthquakes/eventpage/nc75113711
1402,"M 0.8 - 12 km NNE of Borrego Springs, CA","12 km NNE of Borrego Springs, CA",0.84,https://earthquake.usgs.gov/earthquakes/eventpage/ci40833407
159,"M 0.8 - 6 km WNW of The Geysers, CA","6 km WNW of The Geysers, CA",0.84,https://earthquake.usgs.gov/earthquakes/eventpage/nc75114656
1132,"M 0.8 - 65 km WNW of Beluga, Alaska","65 km WNW of Beluga, Alaska",0.83,https://earthquake.usgs.gov/earthquakes/eventpage/av93444931
545,"M 0.8 - 23 km NE of Pine Valley, CA","23 km NE of Pine Valley, CA",0.83,https://earthquake.usgs.gov/earthquakes/eventpage/ci40835263
558,"M 0.8 - 23 km NE of Pine Valley, CA","23 km NE of Pine Valley, CA",0.83,https://earthquake.usgs.gov/earthquakes/eventpage/ci40835223
582,"M 0.8 - 3 km S of Highland Park, CA","3 km S of Highland Park, CA",0.83,https://earthquake.usgs.gov/earthquakes/eventpage/ci40835175
41,"M 0.8 - 10 km SE of Lima, Montana","10 km SE of Lima, Montana",0.83,https://earthquake.usgs.gov/earthquakes/eventpage/mb90070608
1396,"M 0.8 - 11 km S of Big Bear City, CA","11 km S of Big Bear City, CA",0.83,https://earthquake.usgs.gov/earthquakes/eventpage/ci40833439
602,"M 0.8 - 10 km SW of Corona, CA","10 km SW of Corona, CA",0.83,https://earthquake.usgs.gov/earthquakes/eventpage/ci40835143
1039,"M 0.8 - 5 km SW of Purcell, Oklahoma","5 km SW of Purcell, Oklahoma",0.83,https://earthquake.usgs.gov/earthquakes/eventpage/ok2025aibm
1477,"M 0.8 - 8 km NNW of The Geysers, CA","8 km NNW of The Geysers, CA",0.82,https://earthquake.usgs.gov/earthquakes/eventpage/nc75112456
967,"M 0.8 - 2 km NNW of The Geysers, CA","2 km NNW of The Geysers, CA",0.82,https://earthquake.usgs.gov/earthquakes/eventpage/nc75113196
356,"M 0.8 - 8 km NNW of The Geysers, CA","8 km NNW of The Geysers, CA",0.82,https://earthquake.usgs.gov/earthquakes/eventpage/nc75114301
641,"M 0.8 - 2 km SSW of Anderson Springs, CA","2 km SSW of Anderson Springs, CA",0.82,https://earthquake.usgs.gov/earthquakes/eventpage/nc75113816
825,"M 0.8 - 2 km NNE of The Geysers, CA","2 km NNE of The Geysers, CA",0.82,https://earthquake.usgs.gov/earthquakes/eventpage/nc75113446
1155,"M 0.8 - 5 km WNW of Cobb, CA","5 km WNW of Cobb, CA",0.81,https://earthquake.usgs.gov/earthquakes/eventpage/nc75112921
1259,"M 0.8 - 11 km N of Atka, Alaska","11 km N of Atka, Alaska",0.81,https://earthquake.usgs.gov/earthquakes/eventpage/av93444361
490,"M 0.8 - 23 km NE of Pine Valley, CA","23 km NE of Pine Valley, CA",0.81,https://earthquake.usgs.gov/earthquakes/eventpage/ci37694052
1253,"M 0.8 - 2 km ESE of Loma Linda, CA","2 km ESE of Loma Linda, CA",0.81,https://earthquake.usgs.gov/earthquakes/eventpage/ci40833711
1108,"M 0.8 - 8 km NW of The Geysers, CA","8 km NW of The Geysers, CA",0.8,https://earthquake.usgs.gov/earthquakes/eventpage/nc75112976
1683,"M 0.8 - 4 km E of Elbe, Washington","4 km E of Elbe, Washington",0.8,https://earthquake.usgs.gov/earthquakes/eventpage/uw62069551
882,"M 0.8 - 36 km WNW of Beluga, Alaska","36 km WNW of Beluga, Alaska",0.8,https://earthquake.usgs.gov/earthquakes/eventpage/ak0259y0pjd
832,"M 0.8 - 9 km NW of The Geysers, CA","9 km NW of The Geysers, CA",0.8,https://earthquake.usgs.gov/earthquakes/eventpage/nc75113436
1675,"M 0.8 - 5 km NW of Cobb, CA","5 km NW of Cobb, CA",0.8,https://earthquake.usgs.gov/earthquakes/eventpage/nc75112216
668,"M 0.8 - 7 km S of Whitehall, Montana","7 km S of Whitehall, Montana",0.8,https://earthquake.usgs.gov/earthquakes/eventpage/mb90070208
1082,"M 0.8 - 38 km SSE of Goldfield, Nevada","38 km SSE of Goldfield, Nevada",0.8,https://earthquake.usgs.gov/earthquakes/eventpage/nn00891409
1119,"M 0.8 - 16 km W of El Centro, CA","16 km W of El Centro, CA",0.8,https://earthquake.usgs.gov/earthquakes/eventpage/ci37694004
938,"M 0.8 - 9 km SSW of Idyllwild, CA","9 km SSW of Idyllwild, CA",0.8,https://earthquake.usgs.gov/earthquakes/eventpage/ci40834207
470,"M 0.8 - 10 km S of Idyllwild, CA","10 km S of Idyllwild, CA",0.8,https://earthquake.usgs.gov/earthquakes/eventpage/ci40835375
1118,"M 0.8 - 14 km WSW of El Centro, CA","14 km WSW of El Centro, CA",0.79,https://earthquake.usgs.gov/earthquakes/eventpage/ci37694028
999,"M 0.8 - 7 km NW of The Geysers, CA","7 km NW of The Geysers, CA",0.79,https://earthquake.usgs.gov/earthquakes/eventpage/nc75113111
945,"M 0.8 - 15 km ENE of Ridgecrest, CA","15 km ENE of Ridgecrest, CA",0.79,https://earthquake.usgs.gov/earthquakes/eventpage/ci40834183
992,"M 0.8 - 4 km WNW of Cobb, CA","4 km WNW of Cobb, CA",0.79,https://earthquake.usgs.gov/earthquakes/eventpage/nc75113131
120,"M 0.8 - 5 km WNW of Cobb, CA","5 km WNW of Cobb, CA",0.79,https://earthquake.usgs.gov/earthquakes/eventpage/nc75114746
844,"M 0.8 - 23 km E of Little Lake, CA","23 km E of Little Lake, CA",0.79,https://earthquake.usgs.gov/earthquakes/eventpage/ci40834375
1515,"M 0.8 - 7 km NW of The Geysers, CA","7 km NW of The Geysers, CA",0.79,https://earthquake.usgs.gov/earthquakes/eventpage/nc75112401
1533,"M 0.8 - 2 km  of The Geysers, CA","2 km  of The Geysers, CA",0.79,https://earthquake.usgs.gov/earthquakes/eventpage/nc75112381
1100,"M 0.8 - 4 km N of Fontana, CA","4 km N of Fontana, CA",0.79,https://earthquake.usgs.gov/earthquakes/eventpage/ci40834007
539,"M 0.8 - 23 km NE of Pine Valley, CA","23 km NE of Pine Valley, CA",0.79,https://earthquake.usgs.gov/earthquakes/eventpage/ci40835279
441,"M 0.8 - 12 km SE of Anza, CA","12 km SE of Anza, CA",0.78,https://earthquake.usgs.gov/earthquakes/eventpage/ci40835471
1532,"M 0.8 - 14 km SW of Searles Valley, CA","14 km SW of Searles Valley, CA",0.78,https://earthquake.usgs.gov/earthquakes/eventpage/ci40832959
375,"M 0.8 - 10 km SE of Lima, Montana","10 km SE of Lima, Montana",0.78,https://earthquake.usgs.gov/earthquakes/eventpage/mb90070458
533,"M 0.8 - 13 km NNW of Pinnacles, CA","13 km NNW of Pinnacles, CA",0.78,https://earthquake.usgs.gov/earthquakes/eventpage/nc75113961
1590,"M 0.8 - 7 km NNW of The Geysers, CA","7 km NNW of The Geysers, CA",0.78,https://earthquake.usgs.gov/earthquakes/eventpage/nc75112316
640,"M 0.8 - 3 km NNW of The Geysers, CA","3 km NNW of The Geysers, CA",0.78,https://earthquake.usgs.gov/earthquakes/eventpage/nc75113821
195,"M 0.8 - 5 km WNW of The Geysers, CA","5 km WNW of The Geysers, CA",0.78,https://earthquake.usgs.gov/earthquakes/eventpage/nc75114616
1487,"M 0.8 - 10 km NW of The Geysers, CA","10 km NW of The Geysers, CA",0.78,https://earthquake.usgs.gov/earthquakes/eventpage/nc75112436
261,"M 0.8 - 7 km NNW of The Geysers, CA","7 km NNW of The Geysers, CA",0.78,https://earthquake.usgs.gov/earthquakes/eventpage/nc75114466
436,"M 0.8 - 7 km WNW of Cobb, CA","7 km WNW of Cobb, CA",0.77,https://earthquake.usgs.gov/earthquakes/eventpage/nc75114126
1299,"M 0.8 - 2 km NNE of The Geysers, CA","2 km NNE of The Geysers, CA",0.77,https://earthquake.usgs.gov/earthquakes/eventpage/nc75112746
1283,"M 0.8 - 7 km NNW of The Geysers, CA","7 km NNW of The Geysers, CA",0.77,https://earthquake.usgs.gov/earthquakes/eventpage/nc75112761
424,"M 0.8 - 8 km NNW of The Geysers, CA","8 km NNW of The Geysers, CA",0.77,https://earthquake.usgs.gov/earthquakes/eventpage/nc75114181
1588,"M 0.8 - 7 km NNW of The Geysers, CA","7 km NNW of The Geysers, CA",0.77,https://earthquake.usgs.gov/earthquakes/eventpage/nc75112321
96,"M 0.8 - 3 km NW of The Geysers, CA","3 km NW of The Geysers, CA",0.77,https://earthquake.usgs.gov/earthquakes/eventpage/nc75114791
266,"M 0.8 - 18 km NNW of Jamestown, Washington","18 km NNW of Jamestown, Washington",0.77,https://earthquake.usgs.gov/earthquakes/eventpage/uw62061797
57,"M 0.8 - 9 km WNW of Cobb, CA","9 km WNW of Cobb, CA",0.77,https://earthquake.usgs.gov/earthquakes/eventpage/nc75114861
482,"M 0.8 - 8 km WNW of Cobb, CA","8 km WNW of Cobb, CA",0.77,https://earthquake.usgs.gov/earthquakes/eventpage/nc75114026
1615,"M 0.8 - 9 km NW of The Geysers, CA","9 km NW of The Geysers, CA",0.77,https://earthquake.usgs.gov/earthquakes/eventpage/nc75112291
1035,"M 0.8 - 2 km N of The Geysers, CA","2 km N of The Geysers, CA",0.77,https://earthquake.usgs.gov/earthquakes/eventpage/nc75113061
1263,"M 0.8 - 3 km NNW of The Geysers, CA","3 km NNW of The Geysers, CA",0.77,https://earthquake.usgs.gov/earthquakes/eventpage/nc75112781
290,"M 0.8 - 5 km NW of The Geysers, CA","5 km NW of The Geysers, CA",0.77,https://earthquake.usgs.gov/earthquakes/eventpage/nc75114416
200,"M 0.8 - 9 km NW of The Geysers, CA","9 km NW of The Geysers, CA",0.76,https://earthquake.usgs.gov/earthquakes/eventpage/nc75114586
150,"M 0.8 - 6 km WNW of Cobb, CA","6 km WNW of Cobb, CA",0.76,https://earthquake.usgs.gov/earthquakes/eventpage/nc75114666
1494,"M 0.8 - 22 km N of Borrego Springs, CA","22 km N of Borrego Springs, CA",0.76,https://earthquake.usgs.gov/earthquakes/eventpage/ci40832999
353,"M 0.8 - 9 km NW of The Geysers, CA","9 km NW of The Geysers, CA",0.76,https://earthquake.usgs.gov/earthquakes/eventpage/nc75114306
466,"M 0.8 - 8 km NNW of The Geysers, CA","8 km NNW of The Geysers, CA",0.76,https://earthquake.usgs.gov/earthquakes/eventpage/nc75114051
1278,"M 0.8 - 3 km SW of Cobb, CA","3 km SW of Cobb, CA",0.76,https://earthquake.usgs.gov/earthquakes/eventpage/nc75112771
389,"M 0.8 - 2 km  of The Geysers, CA","2 km  of The Geysers, CA",0.76,https://earthquake.usgs.gov/earthquakes/eventpage/nc75114246
206,"M 0.8 - 8 km NNW of The Geysers, CA","8 km NNW of The Geysers, CA",0.76,https://earthquake.usgs.gov/earthquakes/eventpage/nc75114571
1474,"M 0.8 - 6 km NNW of The Geysers, CA","6 km NNW of The Geysers, CA",0.76,https://earthquake.usgs.gov/earthquakes/eventpage/nc75112461
795,"M 0.8 - 10 km NW of The Geysers, CA","10 km NW of The Geysers, CA",0.76,https://earthquake.usgs.gov/earthquakes/eventpage/nc75113496
818,"M 0.8 - 3 km NNW of The Geysers, CA","3 km NNW of The Geysers, CA",0.75,https://earthquake.usgs.gov/earthquakes/eventpage/nc75113456
161,"M 0.8 - 3 km NW of The Geysers, CA","3 km NW of The Geysers, CA",0.75,https://earthquake.usgs.gov/earthquakes/eventpage/nc75114646
674,"M 0.8 - 3 km NW of The Geysers, CA","3 km NW of The Geysers, CA",0.75,https://earthquake.usgs.gov/earthquakes/eventpage/nc75113726
624,"M 0.8 - 11 km SSW of Valle Vista, CA","11 km SSW of Valle Vista, CA",0.75,https://earthquake.usgs.gov/earthquakes/eventpage/ci40835119
637,"M 0.8 - 8 km NNW of The Geysers, CA","8 km NNW of The Geysers, CA",0.75,https://earthquake.usgs.gov/earthquakes/eventpage/nc75113836
144,"M 0.8 - 4 km WSW of The Geysers, CA","4 km WSW of The Geysers, CA",0.75,https://earthquake.usgs.gov/earthquakes/eventpage/nc75114696
135,"M 0.8 - 8 km NW of The Geysers, CA","8 km NW of The Geysers, CA",0.75,https://earthquake.usgs.gov/earthquakes/eventpage/nc75114726
139,"M 0.8 - 8 km NNW of The Geysers, CA","8 km NNW of The Geysers, CA",0.75,https://earthquake.usgs.gov/earthquakes/eventpage/nc75114711
732,"M 0.8 - 5 km ESE of Ontario, CA","5 km ESE of Ontario, CA",0.75,https://earthquake.usgs.gov/earthquakes/eventpage/ci40834583
680,"M 0.8 - 5 km SSW of Banning, CA","5 km SSW of Banning, CA",0.75,https://earthquake.usgs.gov/earthquakes/eventpage/ci40834839
1359,"M 0.8 - 6 km NW of The Geysers, CA","6 km NW of The Geysers, CA",0.75,https://earthquake.usgs.gov/earthquakes/eventpage/nc75112681
1058,"M 0.8 - 7 km NW of The Geysers, CA","7 km NW of The Geysers, CA",0.75,https://earthquake.usgs.gov/earthquakes/eventpage/nc75113036
1484,"M 0.8 - 8 km NNW of Julian, CA","8 km NNW of Julian, CA",0.75,https://earthquake.usgs.gov/earthquakes/eventpage/ci40833023
495,"M 0.8 - 6 km W of Borrego Springs, CA","6 km W of Borrego Springs, CA",0.75,https://earthquake.usgs.gov/earthquakes/eventpage/ci40835327
1105,"M 0.8 - 5 km SE of Ontario, CA","5 km SE of Ontario, CA",0.75,https://earthquake.usgs.gov/earthquakes/eventpage/ci40833975
79,"M 0.8 - 9 km NW of The Geysers, CA","9 km NW of The Geysers, CA",0.75,https://earthquake.usgs.gov/earthquakes/eventpage/nc75114836
917,"M 0.8 - 3 km ENE of The Geysers, CA","3 km ENE of The Geysers, CA",0.75,https://earthquake.usgs.gov/earthquakes/eventpage/nc75113296
933,"M 0.8 - 2 km NW of The Geysers, CA","2 km NW of The Geysers, CA",0.75,https://earthquake.usgs.gov/earthquakes/eventpage/nc75113256
900,"M 0.7 - 3 km NW of The Geysers, CA","3 km NW of The Geysers, CA",0.74,https://earthquake.usgs.gov/earthquakes/eventpage/nc75113341
793,"M 0.7 - 2 km  of The Geysers, CA","2 km  of The Geysers, CA",0.74,https://earthquake.usgs.gov/earthquakes/eventpage/nc75113501
789,"M 0.7 - 32 km SE of Bodfish, CA","32 km SE of Bodfish, CA",0.74,https://earthquake.usgs.gov/earthquakes/eventpage/ci40834439
153,"M 0.7 - 14 km NNE of Ashford, Washington","14 km NNE of Ashford, Washington",0.74,https://earthquake.usgs.gov/earthquakes/eventpage/uw62061852
110,"M 0.7 - 7 km NW of The Geysers, CA","7 km NW of The Geysers, CA",0.74,https://earthquake.usgs.gov/earthquakes/eventpage/nc75114756
1024,"M 0.7 - 2 km WNW of Toston, Montana","2 km WNW of Toston, Montana",0.74,https://earthquake.usgs.gov/earthquakes/eventpage/mb90070168
65,"M 0.7 - 7 km NW of The Geysers, CA","7 km NW of The Geysers, CA",0.74,https://earthquake.usgs.gov/earthquakes/eventpage/nc75114846
911,"M 0.7 - 6 km NNW of The Geysers, CA","6 km NNW of The Geysers, CA",0.74,https://earthquake.usgs.gov/earthquakes/eventpage/nc75113306
321,"M 0.7 - 7 km NW of The Geysers, CA","7 km NW of The Geysers, CA",0.74,https://earthquake.usgs.gov/earthquakes/eventpage/nc75114376
220,"M 0.7 - 10 km NW of The Geysers, CA","10 km NW of The Geysers, CA",0.73,https://earthquake.usgs.gov/earthquakes/eventpage/nc75114556
395,"M 0.7 - 67 km WNW of Beluga, Alaska","67 km WNW of Beluga, Alaska",0.73,https://earthquake.usgs.gov/earthquakes/eventpage/av93447821
434,"M 0.7 - 3 km ENE of The Geysers, CA","3 km ENE of The Geysers, CA",0.73,https://earthquake.usgs.gov/earthquakes/eventpage/nc75114131
1362,"M 0.7 - 8 km NNW of The Geysers, CA","8 km NNW of The Geysers, CA",0.73,https://earthquake.usgs.gov/earthquakes/eventpage/nc75112676
177,"M 0.7 - 12 km E of Cloverdale, CA","12 km E of Cloverdale, CA",0.73,https://earthquake.usgs.gov/earthquakes/eventpage/nc75114636
229,"M 0.7 - 2 km NW of The Geysers, CA","2 km NW of The Geysers, CA",0.73,https://earthquake.usgs.gov/earthquakes/eventpage/nc75114531
955,"M 0.7 - 7 km NW of The Geysers, CA","7 km NW of The Geysers, CA",0.72,https://earthquake.usgs.gov/earthquakes/eventpage/nc75113231
223,"M 0.7 - 5 km NW of The Geysers, CA","5 km NW of The Geysers, CA",0.72,https://earthquake.usgs.gov/earthquakes/eventpage/nc75114546
137,"M 0.7 - 6 km SSW of Warner Springs, CA","6 km SSW of Warner Springs, CA",0.72,https://earthquake.usgs.gov/earthquakes/eventpage/ci40836327
888,"M 0.7 - 3 km SE of San Jacinto, CA","3 km SE of San Jacinto, CA",0.72,https://earthquake.usgs.gov/earthquakes/eventpage/ci40834319
1191,"M 0.7 - 21 km W of Sitka, Alaska","21 km W of Sitka, Alaska",0.72,https://earthquake.usgs.gov/earthquakes/eventpage/av93444671
724,"M 0.7 - 14 km ENE of Borrego Springs, CA","14 km ENE of Borrego Springs, CA",0.72,https://earthquake.usgs.gov/earthquakes/eventpage/ci40834631
695,"M 0.7 - 9 km NW of The Geysers, CA","9 km NW of The Geysers, CA",0.72,https://earthquake.usgs.gov/earthquakes/eventpage/nc75113681
464,"M 0.7 - 8 km NNW of The Geysers, CA","8 km NNW of The Geysers, CA",0.72,https://earthquake.usgs.gov/earthquakes/eventpage/nc75114061
442,"M 0.7 - 8 km NNW of The Geysers, CA","8 km NNW of The Geysers, CA",0.72,https://earthquake.usgs.gov/earthquakes/eventpage/nc75114106
713,"M 0.7 - 3 km E of The Geysers, CA","3 km E of The Geysers, CA",0.71,https://earthquake.usgs.gov/earthquakes/eventpage/nc75113626
50,"M 0.7 - 9 km ESE of Lima, Montana","9 km ESE of Lima, Montana",0.71,https://earthquake.usgs.gov/earthquakes/eventpage/mb90070583
1430,"M 0.7 - 8 km NNW of The Geysers, CA","8 km NNW of The Geysers, CA",0.71,https://earthquake.usgs.gov/earthquakes/eventpage/nc75112566
546,"M 0.7 - 8 km NNW of The Geysers, CA","8 km NNW of The Geysers, CA",0.71,https://earthquake.usgs.gov/earthquakes/eventpage/nc75113941
1662,"M 0.7 - 3 km NNW of The Geysers, CA","3 km NNW of The Geysers, CA",0.71,https://earthquake.usgs.gov/earthquakes/eventpage/nc75112231
682,"M 0.7 - 8 km NNW of The Geysers, CA","8 km NNW of The Geysers, CA",0.71,https://earthquake.usgs.gov/earthquakes/eventpage/nc75113696
1094,"M 0.7 - 7 km ESE of Valle Vista, CA","7 km ESE of Valle Vista, CA",0.71,https://earthquake.usgs.gov/earthquakes/eventpage/ci40834023
322,"M 0.7 - 8 km NNW of The Geysers, CA","8 km NNW of The Geysers, CA",0.71,https://earthquake.usgs.gov/earthquakes/eventpage/nc75114371
1390,"M 0.7 - 10 km NW of The Geysers, CA","10 km NW of The Geysers, CA",0.71,https://earthquake.usgs.gov/earthquakes/eventpage/nc75112621
837,"M 0.7 - 4 km WNW of Cobb, CA","4 km WNW of Cobb, CA",0.71,https://earthquake.usgs.gov/earthquakes/eventpage/nc75113426
1147,"M 0.7 - 66 km WNW of Tyonek, Alaska","66 km WNW of Tyonek, Alaska",0.71,https://earthquake.usgs.gov/earthquakes/eventpage/av93444856
463,"M 0.7 - 8 km NNW of The Geysers, CA","8 km NNW of The Geysers, CA",0.71,https://earthquake.usgs.gov/earthquakes/eventpage/nc75114066
1034,"M 0.7 - 8 km SE of Lincoln, Montana","8 km SE of Lincoln, Montana",0.71,https://earthquake.usgs.gov/earthquakes/eventpage/mb90070163
1052,"M 0.7 - 64 km WNW of Beluga, Alaska","64 km WNW of Beluga, Alaska",0.7,https://earthquake.usgs.gov/earthquakes/eventpage/ak0258epbew
456,"M 0.7 - 8 km WNW of Cobb, CA","8 km WNW of Cobb, CA",0.7,https://earthquake.usgs.gov/earthquakes/eventpage/nc75114076
950,"M 0.7 - 9 km NNW of Warner Springs, CA","9 km NNW of Warner Springs, CA",0.7,https://earthquake.usgs.gov/earthquakes/eventpage/ci40834151
1630,"M 0.7 - 38 km SSE of Goldfield, Nevada","38 km SSE of Goldfield, Nevada",0.7,https://earthquake.usgs.gov/earthquakes/eventpage/nn00891283
1348,"M 0.7 - 8 km NNW of The Geysers, CA","8 km NNW of The Geysers, CA",0.7,https://earthquake.usgs.gov/earthquakes/eventpage/nc75112696
1287,"M 0.7 - 38 km SSE of Goldfield, Nevada","38 km SSE of Goldfield, Nevada",0.7,https://earthquake.usgs.gov/earthquakes/eventpage/nn00891378
1051,"M 0.7 - 64 km WNW of Beluga, Alaska","64 km WNW of Beluga, Alaska",0.7,https://earthquake.usgs.gov/earthquakes/eventpage/ak0258epv4k
689,"M 0.7 - 16 km ESE of Anza, CA","16 km ESE of Anza, CA",0.7,https://earthquake.usgs.gov/earthquakes/eventpage/ci40834775
1582,"M 0.7 - 39 km SSE of Goldfield, Nevada","39 km SSE of Goldfield, Nevada",0.7,https://earthquake.usgs.gov/earthquakes/eventpage/nn00891307
1083,"M 0.7 - 18 km NE of Yerington, Nevada","18 km NE of Yerington, Nevada",0.7,https://earthquake.usgs.gov/earthquakes/eventpage/nn00891408
1117,"M 0.7 - 19 km NNE of Yerington, Nevada","19 km NNE of Yerington, Nevada",0.7,https://earthquake.usgs.gov/earthquakes/eventpage/nn00891443
1617,"M 0.7 - 5 km NW of Carnelian Bay, California","5 km NW of Carnelian Bay, California",0.7,https://earthquake.usgs.gov/earthquakes/eventpage/nn00891285
1632,"M 0.7 - 7 km NNW of The Geysers, CA","7 km NNW of The Geysers, CA",0.69,https://earthquake.usgs.gov/earthquakes/eventpage/nc75112281
400,"M 0.7 - 13 km NW of The Geysers, CA","13 km NW of The Geysers, CA",0.69,https://earthquake.usgs.gov/earthquakes/eventpage/nc75114231
465,"M 0.7 - 8 km NNW of The Geysers, CA","8 km NNW of The Geysers, CA",0.69,https://earthquake.usgs.gov/earthquakes/eventpage/nc75114056
994,"M 0.7 - 8 km WNW of Cobb, CA","8 km WNW of Cobb, CA",0.69,https://earthquake.usgs.gov/earthquakes/eventpage/nc75113121
1618,"M 0.7 - 18 km NNE of Lima, Montana","18 km NNE of Lima, Montana",0.68,https://earthquake.usgs.gov/earthquakes/eventpage/mb90070073
252,"M 0.7 - 8 km WNW of Cobb, CA","8 km WNW of Cobb, CA",0.68,https://earthquake.usgs.gov/earthquakes/eventpage/nc75114491
859,"M 0.7 - 3 km NE of Moreno Valley, CA","3 km NE of Moreno Valley, CA",0.68,https://earthquake.usgs.gov/earthquakes/eventpage/ci40834359
669,"M 0.7 - 31 km NNE of Chignik Lagoon, Alaska","31 km NNE of Chignik Lagoon, Alaska",0.67,https://earthquake.usgs.gov/earthquakes/eventpage/av93446681
1217,"M 0.7 - 8 km NW of Prague, Oklahoma","8 km NW of Prague, Oklahoma",0.67,https://earthquake.usgs.gov/earthquakes/eventpage/ok2025agpc
1096,"M 0.7 - 43 km E of Condon, Montana","43 km E of Condon, Montana",0.67,https://earthquake.usgs.gov/earthquakes/eventpage/mb90070233
55,"M 0.7 - 10 km S of Idyllwild, CA","10 km S of Idyllwild, CA",0.66,https://earthquake.usgs.gov/earthquakes/eventpage/ci40836431
802,"M 0.7 - 19 km W of Searles Valley, CA","19 km W of Searles Valley, CA",0.66,https://earthquake.usgs.gov/earthquakes/eventpage/ci40834415
523,"M 0.7 - 19 km ESE of Anza, CA","19 km ESE of Anza, CA",0.66,https://earthquake.usgs.gov/earthquakes/eventpage/ci40835295
949,"M 0.7 - 9 km SW of Idyllwild, CA","9 km SW of Idyllwild, CA",0.65,https://earthquake.usgs.gov/earthquakes/eventpage/ci40834159
508,"M 0.7 - 20 km E of Finley Point, Montana","20 km E of Finley Point, Montana",0.65,https://earthquake.usgs.gov/earthquakes/eventpage/mb90070353
1334,"M 0.7 - 5 km ESE of Yorba Linda, CA","5 km ESE of Yorba Linda, CA",0.65,https://earthquake.usgs.gov/earthquakes/eventpage/ci40833567
1097,"M 0.7 - 10 km S of Idyllwild, CA","10 km S of Idyllwild, CA",0.65,https://earthquake.usgs.gov/earthquakes/eventpage/ci40834015
1245,"M 0.7 - 22 km SW of La Quinta, CA","22 km SW of La Quinta, CA",0.65,https://earthquake.usgs.gov/earthquakes/eventpage/ci40833727
522,"M 0.6 - 14 km SE of Anza, CA","14 km SE of Anza, CA",0.64,https://earthquake.usgs.gov/earthquakes/eventpage/ci40835303
1203,"M 0.6 - 10 km NE of Coso Junction, CA","10 km NE of Coso Junction, CA",0.64,https://earthquake.usgs.gov/earthquakes/eventpage/ci40833775
1210,"M 0.6 - 0 km NE of The Geysers, CA","0 km NE of The Geysers, CA",0.64,https://earthquake.usgs.gov/earthquakes/eventpage/nc75112851
1596,"M 0.6 - 2 km SSE of Elkhorn, Montana","2 km SSE of Elkhorn, Montana",0.64,https://earthquake.usgs.gov/earthquakes/eventpage/mb90070078
1534,"M 0.6 - 11 km SSW of Borrego Springs, CA","11 km SSW of Borrego Springs, CA",0.63,https://earthquake.usgs.gov/earthquakes/eventpage/ci40832951
1641,"M 0.6 - 10 km ENE of Coso Junction, CA","10 km ENE of Coso Junction, CA",0.63,https://earthquake.usgs.gov/earthquakes/eventpage/ci40832751
568,"M 0.6 - 24 km W of Lima, Montana","24 km W of Lima, Montana",0.63,https://earthquake.usgs.gov/earthquakes/eventpage/mb90070258
1089,"M 0.6 - 10 km NW of The Geysers, CA","10 km NW of The Geysers, CA",0.62,https://earthquake.usgs.gov/earthquakes/eventpage/nc75112996
38,"M 0.6 - 35 km SE of West Yellowstone, Montana","35 km SE of West Yellowstone, Montana",0.62,https://earthquake.usgs.gov/earthquakes/eventpage/uu80099411
769,"M 0.6 - 7 km NW of Prague, Oklahoma","7 km NW of Prague, Oklahoma",0.62,https://earthquake.usgs.gov/earthquakes/eventpage/ok2025ajxw
1413,"M 0.6 - 11 km S of Valle Vista, CA","11 km S of Valle Vista, CA",0.62,https://earthquake.usgs.gov/earthquakes/eventpage/ci40833367
765,"M 0.6 - 9 km SW of Idyllwild, CA","9 km SW of Idyllwild, CA",0.62,https://earthquake.usgs.gov/earthquakes/eventpage/ci40834463
755,"M 0.6 - 8 km E of Coso Junction, CA","8 km E of Coso Junction, CA",0.62,https://earthquake.usgs.gov/earthquakes/eventpage/ci40834471
744,"M 0.6 - 9 km NNW of Anza, CA","9 km NNW of Anza, CA",0.62,https://earthquake.usgs.gov/earthquakes/eventpage/ci40834519
1643,"M 0.6 - 10 km WNW of Cobb, CA","10 km WNW of Cobb, CA",0.61,https://earthquake.usgs.gov/earthquakes/eventpage/nc75112266
468,"M 0.6 - 63 km WNW of Tyonek, Alaska","63 km WNW of Tyonek, Alaska",0.61,https://earthquake.usgs.gov/earthquakes/eventpage/av93447436
556,"M 0.6 - 2 km E of Pacifica, CA","2 km E of Pacifica, CA",0.61,https://earthquake.usgs.gov/earthquakes/eventpage/nc75113936
589,"M 0.6 - 18 km NW of Ocotillo, CA","18 km NW of Ocotillo, CA",0.61,https://earthquake.usgs.gov/earthquakes/eventpage/ci40835159
1544,"M 0.6 - 20 km NNE of Yerington, Nevada","20 km NNE of Yerington, Nevada",0.6,https://earthquake.usgs.gov/earthquakes/eventpage/nn00891311
922,"M 0.6 - 48 km ENE of Beatty, Nevada","48 km ENE of Beatty, Nevada",0.6,https://earthquake.usgs.gov/earthquakes/eventpage/nn00891451
878,"M 0.6 - 66 km WNW of Beluga, Alaska","66 km WNW of Beluga, Alaska",0.6,https://earthquake.usgs.gov/earthquakes/eventpage/ak0259yigto
20,"M 0.6 - 17 km SE of Carbonado, Washington","17 km SE of Carbonado, Washington",0.6,https://earthquake.usgs.gov/earthquakes/eventpage/uw62061927
1747,"M 0.6 - 66 km WNW of Beluga, Alaska","66 km WNW of Beluga, Alaska",0.59,https://earthquake.usgs.gov/earthquakes/eventpage/av93441986
1077,"M 0.6 - 6 km WSW of Corona, CA","6 km WSW of Corona, CA",0.59,https://earthquake.usgs.gov/earthquakes/eventpage/ci40834039
331,"M 0.6 - 27 km WNW of Hebgen Lake Estates, Montana","27 km WNW of Hebgen Lake Estates, Montana",0.58,https://earthquake.usgs.gov/earthquakes/eventpage/mb90070513
1014,"M 0.6 - 8 km S of Idyllwild, CA","8 km S of Idyllwild, CA",0.58,https://earthquake.usgs.gov/earthquakes/eventpage/ci40834079
1422,"M 0.6 - 15 km SW of Thatcher, Utah","15 km SW of Thatcher, Utah",0.58,https://earthquake.usgs.gov/earthquakes/eventpage/uu80099151
225,"M 0.6 - 12 km NW of The Geysers, CA","12 km NW of The Geysers, CA",0.58,https://earthquake.usgs.gov/earthquakes/eventpage/nc75114541
778,"M 0.6 - 13 km NW of The Geysers, CA","13 km NW of The Geysers, CA",0.58,https://earthquake.usgs.gov/earthquakes/eventpage/nc75113511
1687,"M 0.6 - 95 km SSE of Kokhanok, Alaska","95 km SSE of Kokhanok, Alaska",0.58,https://earthquake.usgs.gov/earthquakes/eventpage/av93029879
1103,"M 0.6 - 12 km SSE of Anza, CA","12 km SSE of Anza, CA",0.58,https://earthquake.usgs.gov/earthquakes/eventpage/ci40833991
634,"M 0.6 - 5 km ENE of Government Camp, Oregon","5 km ENE of Government Camp, Oregon",0.5700000000000001,https://earthquake.usgs.gov/earthquakes/eventpage/uw62061602
1386,"M 0.6 - 18 km SW of Radersburg, Montana","18 km SW of Radersburg, Montana",0.57,https://earthquake.usgs.gov/earthquakes/eventpage/mb90070433
1243,"M 0.6 - 3 km SE of San Jacinto, CA","3 km SE of San Jacinto, CA",0.57,https://earthquake.usgs.gov/earthquakes/eventpage/ci37693988
90,"M 0.6 - 9 km NW of The Geysers, CA","9 km NW of The Geysers, CA",0.57,https://earthquake.usgs.gov/earthquakes/eventpage/nc75114811
1078,"M 0.6 - 6 km WSW of Corona, CA","6 km WSW of Corona, CA",0.56,https://earthquake.usgs.gov/earthquakes/eventpage/ci40834031
487,"M 0.6 - 5 km W of Borrego Springs, CA","5 km W of Borrego Springs, CA",0.56,https://earthquake.usgs.gov/earthquakes/eventpage/ci40835343
1007,"M 0.6 - 54 km ENE of Pedro Bay, Alaska","54 km ENE of Pedro Bay, Alaska",0.56,https://earthquake.usgs.gov/earthquakes/eventpage/av93445456
1480,"M 0.6 - 3 km NW of The Geysers, CA","3 km NW of The Geysers, CA",0.56,https://earthquake.usgs.gov/earthquakes/eventpage/nc75112446
857,"M 0.6 - 9 km NW of The Geysers, CA","9 km NW of The Geysers, CA",0.55,https://earthquake.usgs.gov/earthquakes/eventpage/nc75113411
711,"M 0.6 - 2 km N of La Verne, CA","2 km N of La Verne, CA",0.55,https://earthquake.usgs.gov/earthquakes/eventpage/ci40834679
1466,"M 0.5 - 72 km W of Salamatof, Alaska","72 km W of Salamatof, Alaska",0.54,https://earthquake.usgs.gov/earthquakes/eventpage/av93443411
1330,"M 0.5 - 8 km SW of Idyllwild, CA","8 km SW of Idyllwild, CA",0.54,https://earthquake.usgs.gov/earthquakes/eventpage/ci40833583
968,"M 0.5 - 6 km ESE of Valle Vista, CA","6 km ESE of Valle Vista, CA",0.53,https://earthquake.usgs.gov/earthquakes/eventpage/ci40834119
1358,"M 0.5 - 53 km NE of Kenny Lake, Alaska","53 km NE of Kenny Lake, Alaska",0.53,https://earthquake.usgs.gov/earthquakes/eventpage/av93029884
1038,"M 0.5 - 9 km NW of The Geysers, CA","9 km NW of The Geysers, CA",0.53,https://earthquake.usgs.gov/earthquakes/eventpage/nc75113056
268,"M 0.5 - 6 km WNW of Cobb, CA","6 km WNW of Cobb, CA",0.53,https://earthquake.usgs.gov/earthquakes/eventpage/nc75114456
686,"M 0.5 - 1 km S of Lake Henshaw, CA","1 km S of Lake Henshaw, CA",0.53,https://earthquake.usgs.gov/earthquakes/eventpage/ci40834799
1548,"M 0.5 - 24 km ESE of Julian, CA","24 km ESE of Julian, CA",0.53,https://earthquake.usgs.gov/earthquakes/eventpage/ci40832935
1610,"M 0.5 - 11 km W of Anza, CA","11 km W of Anza, CA",0.52,https://earthquake.usgs.gov/earthquakes/eventpage/ci40832815
1414,"M 0.5 - 86 km WNW of Karluk, Alaska","86 km WNW of Karluk, Alaska",0.52,https://earthquake.usgs.gov/earthquakes/eventpage/av93443656
988,"M 0.5 - 8 km NNW of The Geysers, CA","8 km NNW of The Geysers, CA",0.52,https://earthquake.usgs.gov/earthquakes/eventpage/nc75113141
1068,"M 0.5 - 6 km NW of The Geysers, CA","6 km NW of The Geysers, CA",0.51,https://earthquake.usgs.gov/earthquakes/eventpage/nc75113021
1649,"M 0.5 - 2 km W of Toston, Montana","2 km W of Toston, Montana",0.51,https://earthquake.usgs.gov/earthquakes/eventpage/mb90070063
555,"M 0.5 - 21 km W of Lima, Montana","21 km W of Lima, Montana",0.51,https://earthquake.usgs.gov/earthquakes/eventpage/mb90070263
890,"M 0.5 - 5 km NNW of Aguanga, CA","5 km NNW of Aguanga, CA",0.51,https://earthquake.usgs.gov/earthquakes/eventpage/ci40834311
889,"M 0.5 - 14 km SE of Lincoln, Montana","14 km SE of Lincoln, Montana",0.51,https://earthquake.usgs.gov/earthquakes/eventpage/mb90070438
954,"M 0.5 - 21 km NNE of Yerington, Nevada","21 km NNE of Yerington, Nevada",0.5,https://earthquake.usgs.gov/earthquakes/eventpage/nn00891447
916,"M 0.5 - 23 km ENE of Ashford, Washington","23 km ENE of Ashford, Washington",0.5,https://earthquake.usgs.gov/earthquakes/eventpage/uw62061507
756,"M 0.5 - 66 km WNW of Beluga, Alaska","66 km WNW of Beluga, Alaska",0.5,https://earthquake.usgs.gov/earthquakes/eventpage/ak025a3xh0l
773,"M 0.5 - 16 km NNW of Indian Springs, Nevada","16 km NNW of Indian Springs, Nevada",0.5,https://earthquake.usgs.gov/earthquakes/eventpage/nn00891467
54,"M 0.5 - 15 km SSE of Los Ybanez, Texas","15 km SSE of Los Ybanez, Texas",0.5,https://earthquake.usgs.gov/earthquakes/eventpage/tx2025apnw
1607,"M 0.5 - 38 km SSE of Goldfield, Nevada","38 km SSE of Goldfield, Nevada",0.5,https://earthquake.usgs.gov/earthquakes/eventpage/nn00891294
388,"M 0.5 - 50 km NW of Beluga, Alaska","50 km NW of Beluga, Alaska",0.5,https://earthquake.usgs.gov/earthquakes/eventpage/av93447866
1524,"M 0.5 - 39 km SSE of Goldfield, Nevada","39 km SSE of Goldfield, Nevada",0.5,https://earthquake.usgs.gov/earthquakes/eventpage/nn00891313
362,"M 0.5 - 9 km SE of Lincoln, Montana","9 km SE of Lincoln, Montana",0.49,https://earthquake.usgs.gov/earthquakes/eventpage/mb90070478
1567,"M 0.5 - 71 km NE of Nikolski, Alaska","71 km NE of Nikolski, Alaska",0.49,https://earthquake.usgs.gov/earthquakes/eventpage/av93442906
799,"M 0.5 - 11 km W of Anza, CA","11 km W of Anza, CA",0.49,https://earthquake.usgs.gov/earthquakes/eventpage/ci40834423
801,"M 0.5 - 1 km N of The Geysers, CA","1 km N of The Geysers, CA",0.49,https://earthquake.usgs.gov/earthquakes/eventpage/nc75113481
1194,"M 0.5 - 14 km SSE of Carbonado, Washington","14 km SSE of Carbonado, Washington",0.49,https://earthquake.usgs.gov/earthquakes/eventpage/uw62061397
1698,"M 0.5 - 67 km WNW of Beluga, Alaska","67 km WNW of Beluga, Alaska",0.48,https://earthquake.usgs.gov/earthquakes/eventpage/av93442206
1415,"M 0.5 - 44 km NW of Island Park, Idaho","44 km NW of Island Park, Idaho",0.48,https://earthquake.usgs.gov/earthquakes/eventpage/mb90070383
1297,"M 0.5 - 10 km NNE of Twin Bridges, Montana","10 km NNE of Twin Bridges, Montana",0.48,https://earthquake.usgs.gov/earthquakes/eventpage/mb90070138
852,"M 0.5 - 12 km SSE of Anza, CA","12 km SSE of Anza, CA",0.47,https://earthquake.usgs.gov/earthquakes/eventpage/ci40834367
1376,"M 0.5 - 2 km NNE of The Geysers, CA","2 km NNE of The Geysers, CA",0.47,https://earthquake.usgs.gov/earthquakes/eventpage/nc75112646
349,"M 0.5 - 37 km NNE of Amboy, Washington","37 km NNE of Amboy, Washington",0.46,https://earthquake.usgs.gov/earthquakes/eventpage/uw62061737
1531,"M 0.5 - 9 km NW of The Geysers, CA","9 km NW of The Geysers, CA",0.45,https://earthquake.usgs.gov/earthquakes/eventpage/nc75112386
1583,"M 0.5 - 18 km ESE of Little Lake, CA","18 km ESE of Little Lake, CA",0.45,https://earthquake.usgs.gov/earthquakes/eventpage/ci40832871
613,"M 0.5 - 21 km SSE of Swan Lake, Montana","21 km SSE of Swan Lake, Montana",0.45,https://earthquake.usgs.gov/earthquakes/eventpage/mb90070273
923,"M 0.4 - 19 km WSW of Sitka, Alaska","19 km WSW of Sitka, Alaska",0.44,https://earthquake.usgs.gov/earthquakes/eventpage/av93445761
1207,"M 0.4 - 7 km WNW of Cobb, CA","7 km WNW of Cobb, CA",0.44,https://earthquake.usgs.gov/earthquakes/eventpage/nc75112861
1741,"M 0.4 - 66 km WNW of Beluga, Alaska","66 km WNW of Beluga, Alaska",0.43,https://earthquake.usgs.gov/earthquakes/eventpage/av93442016
1551,"M 0.4 - 6 km NW of Aguanga, CA","6 km NW of Aguanga, CA",0.43,https://earthquake.usgs.gov/earthquakes/eventpage/ci40832919
1467,"M 0.4 - 10 km N of Dillon, Montana","10 km N of Dillon, Montana",0.42,https://earthquake.usgs.gov/earthquakes/eventpage/mb90070083
749,"M 0.4 - 23 km E of Little Lake, CA","23 km E of Little Lake, CA",0.41,https://earthquake.usgs.gov/earthquakes/eventpage/ci40834495
1048,"M 0.4 - 72 km WNW of Beluga, Alaska","72 km WNW of Beluga, Alaska",0.41,https://earthquake.usgs.gov/earthquakes/eventpage/av93445266
858,"M 0.4 - 1 km N of Cabazon, CA","1 km N of Cabazon, CA",0.41,https://earthquake.usgs.gov/earthquakes/eventpage/ci37693964
1037,"M 0.4 - 65 km WNW of Beluga, Alaska","65 km WNW of Beluga, Alaska",0.4,https://earthquake.usgs.gov/earthquakes/eventpage/av93445331
1153,"M 0.4 - 70 km WNW of Beluga, Alaska","70 km WNW of Beluga, Alaska",0.4,https://earthquake.usgs.gov/earthquakes/eventpage/ak0256yynjh
819,"M 0.4 - 48 km ENE of Beatty, Nevada","48 km ENE of Beatty, Nevada",0.4,https://earthquake.usgs.gov/earthquakes/eventpage/nn00891465
791,"M 0.4 - 66 km WNW of Beluga, Alaska","66 km WNW of Beluga, Alaska",0.4,https://earthquake.usgs.gov/earthquakes/eventpage/ak025a27ryq
1576,"M 0.4 - 6 km WNW of Anza, CA","6 km WNW of Anza, CA",0.4,https://earthquake.usgs.gov/earthquakes/eventpage/ci40832887
1213,"M 0.4 - 20 km NNE of Yerington, Nevada","20 km NNE of Yerington, Nevada",0.4,https://earthquake.usgs.gov/earthquakes/eventpage/nn00891416
1252,"M 0.4 - 65 km WNW of Beluga, Alaska","65 km WNW of Beluga, Alaska",0.4,https://earthquake.usgs.gov/earthquakes/eventpage/av93444386
1505,"M 0.4 - 15 km NE of Milford, Utah","15 km NE of Milford, Utah",0.4,https://earthquake.usgs.gov/earthquakes/eventpage/uu80002548
964,"M 0.4 - 37 km WNW of Indian Springs, Nevada","37 km WNW of Indian Springs, Nevada",0.4,https://earthquake.usgs.gov/earthquakes/eventpage/nn00891458
1536,"M 0.4 - 18 km NNW of Borrego Springs, CA","18 km NNW of Borrego Springs, CA",0.39,https://earthquake.usgs.gov/earthquakes/eventpage/ci40832943
974,"M 0.4 - 63 km ENE of Pedro Bay, Alaska","63 km ENE of Pedro Bay, Alaska",0.38,https://earthquake.usgs.gov/earthquakes/eventpage/av93445596
815,"M 0.4 - 5 km SE of Lake Henshaw, CA","5 km SE of Lake Henshaw, CA",0.38,https://earthquake.usgs.gov/earthquakes/eventpage/ci40834399
340,"M 0.4 - 5 km WNW of The Geysers, CA","5 km WNW of The Geysers, CA",0.38,https://earthquake.usgs.gov/earthquakes/eventpage/nc75114336
594,"M 0.4 - 12 km NW of The Geysers, CA","12 km NW of The Geysers, CA",0.37,https://earthquake.usgs.gov/earthquakes/eventpage/nc75113886
1595,"M 0.4 - 6 km WNW of Anza, CA","6 km WNW of Anza, CA",0.36,https://earthquake.usgs.gov/earthquakes/eventpage/ci40832855
821,"M 0.4 - 23 km ENE of Ashford, Washington","23 km ENE of Ashford, Washington",0.36,https://earthquake.usgs.gov/earthquakes/eventpage/uw62061527
929,"M 0.4 - 68 km WNW of Beluga, Alaska","68 km WNW of Beluga, Alaska",0.36,https://earthquake.usgs.gov/earthquakes/eventpage/av93445751
1101,"M 0.4 - 7 km N of Kings Point, Montana","7 km N of Kings Point, Montana",0.36,https://earthquake.usgs.gov/earthquakes/eventpage/mb90070228
417,"M 0.4 - 67 km WNW of Beluga, Alaska","67 km WNW of Beluga, Alaska",0.35,https://earthquake.usgs.gov/earthquakes/eventpage/av93447716
1679,"M 0.4 - 6 km WNW of Anza, CA","6 km WNW of Anza, CA",0.35,https://earthquake.usgs.gov/earthquakes/eventpage/ci40832631
644,"M 0.3 - 63 km WNW of Tyonek, Alaska","63 km WNW of Tyonek, Alaska",0.34,https://earthquake.usgs.gov/earthquakes/eventpage/av93446816
1751,"M 0.3 - 66 km WNW of Beluga, Alaska","66 km WNW of Beluga, Alaska",0.33,https://earthquake.usgs.gov/earthquakes/eventpage/av93441961
1648,"M 0.3 - 63 km WNW of Tyonek, Alaska","63 km WNW of Tyonek, Alaska",0.31,https://earthquake.usgs.gov/earthquakes/eventpage/av93442526
406,"M 0.3 - 67 km WNW of Beluga, Alaska","67 km WNW of Beluga, Alaska",0.31,https://earthquake.usgs.gov/earthquakes/eventpage/av93447776
862,"M 0.3 - 72 km WNW of Beluga, Alaska","72 km WNW of Beluga, Alaska",0.3,https://earthquake.usgs.gov/earthquakes/eventpage/ak0259yrg2j
853,"M 0.3 - 66 km WNW of Beluga, Alaska","66 km WNW of Beluga, Alaska",0.3,https://earthquake.usgs.gov/earthquakes/eventpage/ak0259z3hkj
1459,"M 0.3 - 7 km NW of The Geysers, CA","7 km NW of The Geysers, CA",0.3,https://earthquake.usgs.gov/earthquakes/eventpage/nc75112491
1127,"M 0.3 - 67 km WNW of Beluga, Alaska","67 km WNW of Beluga, Alaska",0.3,https://earthquake.usgs.gov/earthquakes/eventpage/ak0258akroq
1261,"M 0.3 - 15 km NE of Yerington, Nevada","15 km NE of Yerington, Nevada",0.3,https://earthquake.usgs.gov/earthquakes/eventpage/nn00891389
1142,"M 0.3 - 4 km NNW of The Geysers, CA","4 km NNW of The Geysers, CA",0.28,https://earthquake.usgs.gov/earthquakes/eventpage/nc75112941
835,"M 0.3 - 66 km WNW of Beluga, Alaska","66 km WNW of Beluga, Alaska",0.27,https://earthquake.usgs.gov/earthquakes/eventpage/av93446056
1183,"M 0.3 - 8 km WNW of Cobb, CA","8 km WNW of Cobb, CA",0.26,https://earthquake.usgs.gov/earthquakes/eventpage/nc75112901
367,"M 0.3 - 14 km N of Condon, Montana","14 km N of Condon, Montana",0.26,https://earthquake.usgs.gov/earthquakes/eventpage/mb90070498
937,"M 0.2 - 65 km WNW of Beluga, Alaska","65 km WNW of Beluga, Alaska",0.24,https://earthquake.usgs.gov/earthquakes/eventpage/av93445716
1064,"M 0.2 - 66 km WNW of Beluga, Alaska","66 km WNW of Beluga, Alaska",0.22,https://earthquake.usgs.gov/earthquakes/eventpage/av93445201
745,"M 0.2 - 65 km WNW of Beluga, Alaska","65 km WNW of Beluga, Alaska",0.22,https://earthquake.usgs.gov/earthquakes/eventpage/av93446396
1192,"M 0.2 - 10 km NW of The Geysers, CA","10 km NW of The Geysers, CA",0.22,https://earthquake.usgs.gov/earthquakes/eventpage/nc75112876
124,"M 0.2 - 54 km E of Beatty, Nevada","54 km E of Beatty, Nevada",0.2,https://earthquake.usgs.gov/earthquakes/eventpage/nn00891628
4,"M 0.2 - 34 km NW of Indian Springs, Nevada","34 km NW of Indian Springs, Nevada",0.2,https://earthquake.usgs.gov/earthquakes/eventpage/nn00891659
921,"M 0.2 - 63 km WNW of Tyonek, Alaska","63 km WNW of Tyonek, Alaska",0.19,https://earthquake.usgs.gov/earthquakes/eventpage/av93445766
607,"M 0.2 - 20 km E of Finley Point, Montana","20 km E of Finley Point, Montana",0.18,https://earthquake.usgs.gov/earthquakes/eventpage/mb90070298
1557,"M 0.2 - 3 km SW of Anza, CA","3 km SW of Anza, CA",0.16,https://earthquake.usgs.gov/earthquakes/eventpage/ci40832903
1244,"M 0.2 - 29 km WNW of Hebgen Lake Estates, Montana","29 km WNW of Hebgen Lake Estates, Montana",0.16,https://earthquake.usgs.gov/earthquakes/eventpage/mb90070388
1722,"M 0.2 - 67 km WNW of Tyonek, Alaska","67 km WNW of Tyonek, Alaska",0.15,https://earthquake.usgs.gov/earthquakes/eventpage/av93442111
860,"M 0.2 - 66 km WNW of Beluga, Alaska","66 km WNW of Beluga, Alaska",0.15,https://earthquake.usgs.gov/earthquakes/eventpage/av93445976
792,"M 0.1 - 21 km W of Hebgen Lake Estates, Montana","21 km W of Hebgen Lake Estates, Montana",0.14,https://earthquake.usgs.gov/earthquakes/eventpage/mb90070398
1354,"M 0.1 - 5 km NNE of Brinnon, Washington","5 km NNE of Brinnon, Washington",0.14,https://earthquake.usgs.gov/earthquakes/eventpage/uw62061357
1562,"M 0.1 - 12 km SSE of Swan Lake, Montana","12 km SSE of Swan Lake, Montana",0.13,https://earthquake.usgs.gov/earthquakes/eventpage/mb90070093
839,"M 0.1 - 85 km NW of Karluk, Alaska","85 km NW of Karluk, Alaska",0.12,https://earthquake.usgs.gov/earthquakes/eventpage/av93446051
592,"M 0.1 - 63 km WNW of Tyonek, Alaska","63 km WNW of Tyonek, Alaska",0.12,https://earthquake.usgs.gov/earthquakes/eventpage/av93447001
572,"M 0.1 - 19 km E of Finley Point, Montana","19 km E of Finley Point, Montana",0.1,https://earthquake.usgs.gov/earthquakes/eventpage/mb90070318
147,"M 0.1 - 53 km E of Beatty, Nevada","53 km E of Beatty, Nevada",0.1,https://earthquake.usgs.gov/earthquakes/eventpage/nn00891643
1021,"M 0.1 - 85 km NNW of Karluk, Alaska","85 km NNW of Karluk, Alaska",0.1,https://earthquake.usgs.gov/earthquakes/eventpage/av93445421
909,"M 0.1 - 65 km WNW of Beluga, Alaska","65 km WNW of Beluga, Alaska",0.1,https://earthquake.usgs.gov/earthquakes/eventpage/av93445831
1528,"M 0.1 - 45 km E of Beatty, Nevada","45 km E of Beatty, Nevada",0.1,https://earthquake.usgs.gov/earthquakes/eventpage/nn00891312
790,"M 0.1 - 66 km WNW of Beluga, Alaska","66 km WNW of Beluga, Alaska",0.08,https://earthquake.usgs.gov/earthquakes/eventpage/av93446226
418,"M 0.1 - 67 km WNW of Beluga, Alaska","67 km WNW of Beluga, Alaska",0.08,https://earthquake.usgs.gov/earthquakes/eventpage/av93447711
822,"M 0.1 - 66 km WNW of Beluga, Alaska","66 km WNW of Beluga, Alaska",0.07,https://earthquake.usgs.gov/earthquakes/eventpage/av93446101
1087,"M 0.1 - 66 km WNW of Beluga, Alaska","66 km WNW of Beluga, Alaska",0.06,https://earthquake.usgs.gov/earthquakes/eventpage/av93445111
587,"M 0.1 - 19 km E of Finley Point, Montana","19 km E of Finley Point, Montana",0.06,https://earthquake.usgs.gov/earthquakes/eventpage/mb90070308
1280,"M 0.1 - 64 km WNW of Tyonek, Alaska","64 km WNW of Tyonek, Alaska",0.05,https://earthquake.usgs.gov/earthquakes/eventpage/av93444321
1323,"M 0.0 - 38 km SSE of Morton, Washington","38 km SSE of Morton, Washington",0.04,https://earthquake.usgs.gov/earthquakes/eventpage/uw62061362
1230,"M 0.0 - 71 km WNW of Beluga, Alaska","71 km WNW of Beluga, Alaska",0.04,https://earthquake.usgs.gov/earthquakes/eventpage/av93444491
514,"M 0.0 - 19 km E of Finley Point, Montana","19 km E of Finley Point, Montana",0.04,https://earthquake.usgs.gov/earthquakes/eventpage/mb90070328
1054,"M 0.0 - 65 km WNW of Beluga, Alaska","65 km WNW of Beluga, Alaska",0.04,https://earthquake.usgs.gov/earthquakes/eventpage/av93445226
1578,"M 0.0 - 82 km NNW of Karluk, Alaska","82 km NNW of Karluk, Alaska",0.03,https://earthquake.usgs.gov/earthquakes/eventpage/av93442876
1356,"M 0.0 - 54 km NE of Kenny Lake, Alaska","54 km NE of Kenny Lake, Alaska",0.02,https://earthquake.usgs.gov/earthquakes/eventpage/av93029889
1353,"M 0.0 - 53 km NE of Kenny Lake, Alaska","53 km NE of Kenny Lake, Alaska",0.02,https://earthquake.usgs.gov/earthquakes/eventpage/av93029899
939,"M 0.0 - 76 km W of Salamatof, Alaska","76 km W of Salamatof, Alaska",0.01,https://earthquake.usgs.gov/earthquakes/eventpage/av93445711
973,"M 0.0 - 63 km ENE of Pedro Bay, Alaska","63 km ENE of Pedro Bay, Alaska",0.01,https://earthquake.usgs.gov/earthquakes/eventpage/av93029954
1573,"M 0.0 - 82 km NNW of Karluk, Alaska","82 km NNW of Karluk, Alaska",0.01,https://earthquake.usgs.gov/earthquakes/eventpage/av93442901
1734,"M 0.0 - 66 km WNW of Beluga, Alaska","66 km WNW of Beluga, Alaska",0.0,https://earthquake.usgs.gov/earthquakes/eventpage/av93442056
1526,"M 0.0 - 65 km WNW of Beluga, Alaska","65 km WNW of Beluga, Alaska",0.0,https://earthquake.usgs.gov/earthquakes/eventpage/av93443101
1742,"M 0.0 - 67 km WNW of Tyonek, Alaska","67 km WNW of Tyonek, Alaska",-0.01,https://earthquake.usgs.gov/earthquakes/eventpage/av93442011
697,"M 0.0 - 65 km WNW of Beluga, Alaska","65 km WNW of Beluga, Alaska",-0.01,https://earthquake.usgs.gov/earthquakes/eventpage/av93446591
661,"M 0.0 - 63 km WNW of Tyonek, Alaska","63 km WNW of Tyonek, Alaska",-0.01,https://earthquake.usgs.gov/earthquakes/eventpage/av93446701
1206,"M 0.0 - 68 km WNW of Beluga, Alaska","68 km WNW of Beluga, Alaska",-0.02,https://earthquake.usgs.gov/earthquakes/eventpage/av93444586
1423,"M 0.0 - 63 km ENE of Pedro Bay, Alaska","63 km ENE of Pedro Bay, Alaska",-0.03,https://earthquake.usgs.gov/earthquakes/eventpage/av93443631
515,"M 0.0 - 20 km E of Finley Point, Montana","20 km E of Finley Point, Montana",-0.03,https://earthquake.usgs.gov/earthquakes/eventpage/mb90070323
510,"M 0.0 - 19 km E of Finley Point, Montana","19 km E of Finley Point, Montana",-0.03,https://earthquake.usgs.gov/earthquakes/eventpage/mb90070343
573,"M 0.0 - 18 km E of Finley Point, Montana","18 km E of Finley Point, Montana",-0.03,https://earthquake.usgs.gov/earthquakes/eventpage/mb90070313
1066,"M 0.0 - 65 km WNW of Beluga, Alaska","65 km WNW of Beluga, Alaska",-0.03,https://earthquake.usgs.gov/earthquakes/eventpage/av93445196
1335,"M 0.0 - 63 km WNW of Tyonek, Alaska","63 km WNW of Tyonek, Alaska",-0.03,https://earthquake.usgs.gov/earthquakes/eventpage/av93029959
512,"M 0.0 - 70 km WNW of Tyonek, Alaska","70 km WNW of Tyonek, Alaska",-0.04,https://earthquake.usgs.gov/earthquakes/eventpage/av93447296
1463,"M 0.0 - 10 km W of Akutan, Alaska","10 km W of Akutan, Alaska",-0.04,https://earthquake.usgs.gov/earthquakes/eventpage/av93029934
479,"M 0.0 - 38 km NNE of Amboy, Washington","38 km NNE of Amboy, Washington",-0.04,https://earthquake.usgs.gov/earthquakes/eventpage/uw62061647
979,"M 0.0 - 68 km WNW of Beluga, Alaska","68 km WNW of Beluga, Alaska",-0.04,https://earthquake.usgs.gov/earthquakes/eventpage/av93445571
1336,"M -0.1 - 65 km WNW of Tyonek, Alaska","65 km WNW of Tyonek, Alaska",-0.05,https://earthquake.usgs.gov/earthquakes/eventpage/av93444021
754,"M -0.1 - 84 km NNW of Karluk, Alaska","84 km NNW of Karluk, Alaska",-0.06,https://earthquake.usgs.gov/earthquakes/eventpage/av93446376
1726,"M -0.1 - 66 km WNW of Beluga, Alaska","66 km WNW of Beluga, Alaska",-0.06,https://earthquake.usgs.gov/earthquakes/eventpage/av93442101
1523,"M -0.1 - 66 km WNW of Beluga, Alaska","66 km WNW of Beluga, Alaska",-0.06,https://earthquake.usgs.gov/earthquakes/eventpage/av93443116
593,"M -0.1 - 63 km WNW of Tyonek, Alaska","63 km WNW of Tyonek, Alaska",-0.08,https://earthquake.usgs.gov/earthquakes/eventpage/av93446986
910,"M -0.1 - 63 km WNW of Tyonek, Alaska","63 km WNW of Tyonek, Alaska",-0.08,https://earthquake.usgs.gov/earthquakes/eventpage/av93445821
511,"M -0.1 - 19 km E of Finley Point, Montana","19 km E of Finley Point, Montana",-0.1,https://earthquake.usgs.gov/earthquakes/eventpage/mb90070338
1164,"M -0.1 - 42 km WNW of Indian Springs, Nevada","42 km WNW of Indian Springs, Nevada",-0.1,https://earthquake.usgs.gov/earthquakes/eventpage/nn00891424
944,"M -0.1 - 64 km ENE of Pedro Bay, Alaska","64 km ENE of Pedro Bay, Alaska",-0.1,https://earthquake.usgs.gov/earthquakes/eventpage/av93445681
129,"M -0.1 - 30 km W of Indian Springs, Nevada","30 km W of Indian Springs, Nevada",-0.1,https://earthquake.usgs.gov/earthquakes/eventpage/nn00891646
146,"M -0.1 - 49 km E of Beatty, Nevada","49 km E of Beatty, Nevada",-0.1,https://earthquake.usgs.gov/earthquakes/eventpage/nn00891644
1255,"M -0.1 - 66 km WNW of Beluga, Alaska","66 km WNW of Beluga, Alaska",-0.11,https://earthquake.usgs.gov/earthquakes/eventpage/av93444376
1432,"M -0.1 - 93 km ESE of King Salmon, Alaska","93 km ESE of King Salmon, Alaska",-0.11,https://earthquake.usgs.gov/earthquakes/eventpage/av93443606
1355,"M -0.1 - 55 km NE of Kenny Lake, Alaska","55 km NE of Kenny Lake, Alaska",-0.12,https://earthquake.usgs.gov/earthquakes/eventpage/av93029894
1688,"M -0.1 - 64 km WNW of Tyonek, Alaska","64 km WNW of Tyonek, Alaska",-0.12,https://earthquake.usgs.gov/earthquakes/eventpage/av93442251
1670,"M -0.1 - 9 km ENE of Ronan, Montana","9 km ENE of Ronan, Montana",-0.12,https://earthquake.usgs.gov/earthquakes/eventpage/mb90070088
384,"M -0.1 - 60 km WNW of Tyonek, Alaska","60 km WNW of Tyonek, Alaska",-0.13,https://earthquake.usgs.gov/earthquakes/eventpage/av93447911
796,"M -0.1 - 20 km E of Finley Point, Montana","20 km E of Finley Point, Montana",-0.13,https://earthquake.usgs.gov/earthquakes/eventpage/mb90070238
1106,"M -0.1 - 68 km WNW of Beluga, Alaska","68 km WNW of Beluga, Alaska",-0.13,https://earthquake.usgs.gov/earthquakes/eventpage/av93445026
996,"M -0.1 - 65 km WNW of Beluga, Alaska","65 km WNW of Beluga, Alaska",-0.13,https://earthquake.usgs.gov/earthquakes/eventpage/av93445521
414,"M -0.1 - 67 km WNW of Beluga, Alaska","67 km WNW of Beluga, Alaska",-0.14,https://earthquake.usgs.gov/earthquakes/eventpage/av93447746
692,"M -0.2 - 63 km WNW of Tyonek, Alaska","63 km WNW of Tyonek, Alaska",-0.15,https://earthquake.usgs.gov/earthquakes/eventpage/av93446596
737,"M -0.2 - 63 km WNW of Tyonek, Alaska","63 km WNW of Tyonek, Alaska",-0.15,https://earthquake.usgs.gov/earthquakes/eventpage/av93446431
1200,"M -0.2 - 67 km WNW of Beluga, Alaska","67 km WNW of Beluga, Alaska",-0.16,https://earthquake.usgs.gov/earthquakes/eventpage/av93444606
532,"M -0.2 - 83 km NNW of Karluk, Alaska","83 km NNW of Karluk, Alaska",-0.16,https://earthquake.usgs.gov/earthquakes/eventpage/av93447211
1600,"M -0.2 - 87 km NNW of Karluk, Alaska","87 km NNW of Karluk, Alaska",-0.17,https://earthquake.usgs.gov/earthquakes/eventpage/av93442741
1657,"M -0.2 - 66 km WNW of Beluga, Alaska","66 km WNW of Beluga, Alaska",-0.17,https://earthquake.usgs.gov/earthquakes/eventpage/av93442471
1638,"M -0.2 - 66 km WNW of Beluga, Alaska","66 km WNW of Beluga, Alaska",-0.18,https://earthquake.usgs.gov/earthquakes/eventpage/av93442556
1708,"M -0.2 - 66 km WNW of Beluga, Alaska","66 km WNW of Beluga, Alaska",-0.18,https://earthquake.usgs.gov/earthquakes/eventpage/av93442166
1731,"M -0.2 - 86 km NW of Karluk, Alaska","86 km NW of Karluk, Alaska",-0.18,https://earthquake.usgs.gov/earthquakes/eventpage/av93442071
1047,"M -0.2 - 65 km WNW of Beluga, Alaska","65 km WNW of Beluga, Alaska",-0.19,https://earthquake.usgs.gov/earthquakes/eventpage/av93445276
1518,"M -0.2 - 69 km WNW of Beluga, Alaska","69 km WNW of Beluga, Alaska",-0.2,https://earthquake.usgs.gov/earthquakes/eventpage/av93029924
1554,"M -0.2 - 44 km NW of Indian Springs, Nevada","44 km NW of Indian Springs, Nevada",-0.2,https://earthquake.usgs.gov/earthquakes/eventpage/nn00891334
804,"M -0.2 - 42 km NW of Indian Springs, Nevada","42 km NW of Indian Springs, Nevada",-0.2,https://earthquake.usgs.gov/earthquakes/eventpage/nn00891473
1305,"M -0.2 - 70 km WNW of Tyonek, Alaska","70 km WNW of Tyonek, Alaska",-0.2,https://earthquake.usgs.gov/earthquakes/eventpage/av93444181
990,"M -0.2 - 83 km NW of Karluk, Alaska","83 km NW of Karluk, Alaska",-0.2,https://earthquake.usgs.gov/earthquakes/eventpage/av93445531
1737,"M -0.2 - 66 km WNW of Beluga, Alaska","66 km WNW of Beluga, Alaska",-0.21,https://earthquake.usgs.gov/earthquakes/eventpage/av93442046
1238,"M -0.2 - 71 km WNW of Beluga, Alaska","71 km WNW of Beluga, Alaska",-0.21,https://earthquake.usgs.gov/earthquakes/eventpage/av93444436
1189,"M -0.2 - 63 km WNW of Tyonek, Alaska","63 km WNW of Tyonek, Alaska",-0.21,https://earthquake.usgs.gov/earthquakes/eventpage/av93444676
1139,"M -0.2 - 66 km WNW of Tyonek, Alaska","66 km WNW of Tyonek, Alaska",-0.24,https://earthquake.usgs.gov/earthquakes/eventpage/av93444901
1727,"M -0.2 - 10 km NE of Ashford, Washington","10 km NE of Ashford, Washington",-0.24,https://earthquake.usgs.gov/earthquakes/eventpage/uw62069541
598,"M -0.3 - 50 km WNW of Beluga, Alaska","50 km WNW of Beluga, Alaska",-0.25,https://earthquake.usgs.gov/earthquakes/eventpage/av93446971
812,"M -0.3 - 66 km WNW of Beluga, Alaska","66 km WNW of Beluga, Alaska",-0.25,https://earthquake.usgs.gov/earthquakes/eventpage/av93446136
1030,"M -0.3 - 66 km WNW of Beluga, Alaska","66 km WNW of Beluga, Alaska",-0.25,https://earthquake.usgs.gov/earthquakes/eventpage/av93445391
410,"M -0.3 - 67 km WNW of Beluga, Alaska","67 km WNW of Beluga, Alaska",-0.25,https://earthquake.usgs.gov/earthquakes/eventpage/av93447756
583,"M -0.3 - 63 km WNW of Tyonek, Alaska","63 km WNW of Tyonek, Alaska",-0.26,https://earthquake.usgs.gov/earthquakes/eventpage/av93447021
1338,"M -0.3 - 64 km ENE of Pedro Bay, Alaska","64 km ENE of Pedro Bay, Alaska",-0.26,https://earthquake.usgs.gov/earthquakes/eventpage/av93444006
1579,"M -0.3 - 65 km WNW of Beluga, Alaska","65 km WNW of Beluga, Alaska",-0.26,https://earthquake.usgs.gov/earthquakes/eventpage/av93442871
513,"M -0.3 - 20 km E of Finley Point, Montana","20 km E of Finley Point, Montana",-0.27,https://earthquake.usgs.gov/earthquakes/eventpage/mb90070333
1049,"M -0.3 - 65 km WNW of Beluga, Alaska","65 km WNW of Beluga, Alaska",-0.27,https://earthquake.usgs.gov/earthquakes/eventpage/av93445256
1516,"M -0.3 - 65 km ENE of Pedro Bay, Alaska","65 km ENE of Pedro Bay, Alaska",-0.27,https://earthquake.usgs.gov/earthquakes/eventpage/av93443146
1546,"M -0.3 - 65 km WNW of Beluga, Alaska","65 km WNW of Beluga, Alaska",-0.28,https://earthquake.usgs.gov/earthquakes/eventpage/av93443026
1584,"M -0.3 - 20 km ESE of Little Lake, CA","20 km ESE of Little Lake, CA",-0.28,https://earthquake.usgs.gov/earthquakes/eventpage/ci37693892
1236,"M -0.3 - 63 km WNW of Tyonek, Alaska","63 km WNW of Tyonek, Alaska",-0.28,https://earthquake.usgs.gov/earthquakes/eventpage/av93444451
983,"M -0.3 - 65 km WNW of Tyonek, Alaska","65 km WNW of Tyonek, Alaska",-0.28,https://earthquake.usgs.gov/earthquakes/eventpage/av93445541
420,"M -0.3 - 67 km WNW of Beluga, Alaska","67 km WNW of Beluga, Alaska",-0.29,https://earthquake.usgs.gov/earthquakes/eventpage/av93447701
1694,"M -0.3 - 44 km WNW of Indian Springs, Nevada","44 km WNW of Indian Springs, Nevada",-0.3,https://earthquake.usgs.gov/earthquakes/eventpage/nn00891330
842,"M -0.3 - 66 km WNW of Beluga, Alaska","66 km WNW of Beluga, Alaska",-0.3,https://earthquake.usgs.gov/earthquakes/eventpage/av93029949
701,"M -0.3 - 20 km WSW of Akutan, Alaska","20 km WSW of Akutan, Alaska",-0.3,https://earthquake.usgs.gov/earthquakes/eventpage/av93446566
1293,"M -0.3 - 65 km ENE of Pedro Bay, Alaska","65 km ENE of Pedro Bay, Alaska",-0.32,https://earthquake.usgs.gov/earthquakes/eventpage/av93444246
1284,"M -0.3 - 84 km NNW of Karluk, Alaska","84 km NNW of Karluk, Alaska",-0.33,https://earthquake.usgs.gov/earthquakes/eventpage/av93444311
843,"M -0.3 - 66 km WNW of Beluga, Alaska","66 km WNW of Beluga, Alaska",-0.33,https://earthquake.usgs.gov/earthquakes/eventpage/av93446041
1337,"M -0.3 - 58 km WNW of Tyonek, Alaska","58 km WNW of Tyonek, Alaska",-0.33,https://earthquake.usgs.gov/earthquakes/eventpage/av93444016
1098,"M -0.3 - 71 km WNW of Beluga, Alaska","71 km WNW of Beluga, Alaska",-0.33,https://earthquake.usgs.gov/earthquakes/eventpage/av93029939
1249,"M -0.3 - 64 km ENE of Pedro Bay, Alaska","64 km ENE of Pedro Bay, Alaska",-0.33,https://earthquake.usgs.gov/earthquakes/eventpage/av93444396
425,"M -0.3 - 67 km WNW of Beluga, Alaska","67 km WNW of Beluga, Alaska",-0.34,https://earthquake.usgs.gov/earthquakes/eventpage/av93447691
1365,"M -0.3 - 64 km ENE of Pedro Bay, Alaska","64 km ENE of Pedro Bay, Alaska",-0.34,https://earthquake.usgs.gov/earthquakes/eventpage/av93443871
462,"M -0.3 - 63 km WNW of Tyonek, Alaska","63 km WNW of Tyonek, Alaska",-0.34,https://earthquake.usgs.gov/earthquakes/eventpage/av93447466
1383,"M -0.4 - 70 km WNW of Beluga, Alaska","70 km WNW of Beluga, Alaska",-0.35,https://earthquake.usgs.gov/earthquakes/eventpage/av93443776
998,"M -0.4 - 65 km WNW of Beluga, Alaska","65 km WNW of Beluga, Alaska",-0.36,https://earthquake.usgs.gov/earthquakes/eventpage/av93445516
1099,"M -0.4 - 71 km WNW of Beluga, Alaska","71 km WNW of Beluga, Alaska",-0.36,https://earthquake.usgs.gov/earthquakes/eventpage/av93445046
1372,"M -0.4 - 63 km ENE of Pedro Bay, Alaska","63 km ENE of Pedro Bay, Alaska",-0.36,https://earthquake.usgs.gov/earthquakes/eventpage/av93443836
1535,"M -0.4 - 67 km WNW of Beluga, Alaska","67 km WNW of Beluga, Alaska",-0.36,https://earthquake.usgs.gov/earthquakes/eventpage/av93443071
1053,"M -0.4 - 65 km WNW of Beluga, Alaska","65 km WNW of Beluga, Alaska",-0.37,https://earthquake.usgs.gov/earthquakes/eventpage/av93445236
1716,"M -0.4 - 67 km WNW of Tyonek, Alaska","67 km WNW of Tyonek, Alaska",-0.37,https://earthquake.usgs.gov/earthquakes/eventpage/av93442121
1613,"M -0.4 - 16 km W of Sitka, Alaska","16 km W of Sitka, Alaska",-0.37,https://earthquake.usgs.gov/earthquakes/eventpage/av93442661
813,"M -0.4 - 66 km WNW of Beluga, Alaska","66 km WNW of Beluga, Alaska",-0.37,https://earthquake.usgs.gov/earthquakes/eventpage/av93446131
1729,"M -0.4 - 66 km WNW of Tyonek, Alaska","66 km WNW of Tyonek, Alaska",-0.38,https://earthquake.usgs.gov/earthquakes/eventpage/av93442081
1647,"M -0.4 - 63 km WNW of Tyonek, Alaska","63 km WNW of Tyonek, Alaska",-0.38,https://earthquake.usgs.gov/earthquakes/eventpage/av93442536
549,"M -0.4 - 64 km WNW of Tyonek, Alaska","64 km WNW of Tyonek, Alaska",-0.38,https://earthquake.usgs.gov/earthquakes/eventpage/av93447146
1110,"M -0.4 - 77 km WNW of Tyonek, Alaska","77 km WNW of Tyonek, Alaska",-0.39,https://earthquake.usgs.gov/earthquakes/eventpage/av93445011
1558,"M -0.4 - 65 km WNW of Beluga, Alaska","65 km WNW of Beluga, Alaska",-0.39,https://earthquake.usgs.gov/earthquakes/eventpage/av93442976
1695,"M -0.4 - 67 km WNW of Beluga, Alaska","67 km WNW of Beluga, Alaska",-0.39,https://earthquake.usgs.gov/earthquakes/eventpage/av93442226
1126,"M -0.4 - 69 km WNW of Beluga, Alaska","69 km WNW of Beluga, Alaska",-0.39,https://earthquake.usgs.gov/earthquakes/eventpage/av93444971
1616,"M -0.4 - 66 km WNW of Beluga, Alaska","66 km WNW of Beluga, Alaska",-0.39,https://earthquake.usgs.gov/earthquakes/eventpage/av93442646
1073,"M -0.4 - 66 km WNW of Beluga, Alaska","66 km WNW of Beluga, Alaska",-0.4,https://earthquake.usgs.gov/earthquakes/eventpage/av93445161
646,"M -0.4 - 83 km NNW of Karluk, Alaska","83 km NNW of Karluk, Alaska",-0.4,https://earthquake.usgs.gov/earthquakes/eventpage/av93446766
1669,"M -0.4 - 66 km WNW of Beluga, Alaska","66 km WNW of Beluga, Alaska",-0.43,https://earthquake.usgs.gov/earthquakes/eventpage/av93442366
1080,"M -0.4 - 66 km WNW of Beluga, Alaska","66 km WNW of Beluga, Alaska",-0.43,https://earthquake.usgs.gov/earthquakes/eventpage/av93445146
1565,"M -0.4 - 64 km ENE of Pedro Bay, Alaska","64 km ENE of Pedro Bay, Alaska",-0.44,https://earthquake.usgs.gov/earthquakes/eventpage/av93442911
1250,"M -0.5 - 64 km WNW of Tyonek, Alaska","64 km WNW of Tyonek, Alaska",-0.45,https://earthquake.usgs.gov/earthquakes/eventpage/av93029964
1001,"M -0.5 - 84 km NW of Karluk, Alaska","84 km NW of Karluk, Alaska",-0.45,https://earthquake.usgs.gov/earthquakes/eventpage/av93445496
383,"M -0.5 - 67 km WNW of Beluga, Alaska","67 km WNW of Beluga, Alaska",-0.45,https://earthquake.usgs.gov/earthquakes/eventpage/av93447921
1514,"M -0.5 - 69 km WNW of Beluga, Alaska","69 km WNW of Beluga, Alaska",-0.45,https://earthquake.usgs.gov/earthquakes/eventpage/av93443171
1373,"M -0.5 - 66 km WNW of Beluga, Alaska","66 km WNW of Beluga, Alaska",-0.46,https://earthquake.usgs.gov/earthquakes/eventpage/av93443806
385,"M -0.5 - 67 km WNW of Beluga, Alaska","67 km WNW of Beluga, Alaska",-0.46,https://earthquake.usgs.gov/earthquakes/eventpage/av93447901
982,"M -0.5 - 64 km WNW of Tyonek, Alaska","64 km WNW of Tyonek, Alaska",-0.46,https://earthquake.usgs.gov/earthquakes/eventpage/av93445556
603,"M -0.5 - 20 km E of Finley Point, Montana","20 km E of Finley Point, Montana",-0.46,https://earthquake.usgs.gov/earthquakes/eventpage/mb90070303
1025,"M -0.5 - 65 km WNW of Beluga, Alaska","65 km WNW of Beluga, Alaska",-0.47,https://earthquake.usgs.gov/earthquakes/eventpage/av93445411
1226,"M -0.5 - 65 km ENE of Pedro Bay, Alaska","65 km ENE of Pedro Bay, Alaska",-0.47,https://earthquake.usgs.gov/earthquakes/eventpage/av93444521
1361,"M -0.5 - 79 km NW of Ninilchik, Alaska","79 km NW of Ninilchik, Alaska",-0.48,https://earthquake.usgs.gov/earthquakes/eventpage/av93443876
409,"M -0.5 - 67 km WNW of Beluga, Alaska","67 km WNW of Beluga, Alaska",-0.48,https://earthquake.usgs.gov/earthquakes/eventpage/av93447761
1728,"M -0.5 - 67 km WNW of Beluga, Alaska","67 km WNW of Beluga, Alaska",-0.49,https://earthquake.usgs.gov/earthquakes/eventpage/av93442091
1046,"M -0.5 - 65 km WNW of Beluga, Alaska","65 km WNW of Beluga, Alaska",-0.49,https://earthquake.usgs.gov/earthquakes/eventpage/av93445281
392,"M -0.5 - 85 km W of Salamatof, Alaska","85 km W of Salamatof, Alaska",-0.49,https://earthquake.usgs.gov/earthquakes/eventpage/av93447851
1497,"M -0.5 - 62 km W of Tyonek, Alaska","62 km W of Tyonek, Alaska",-0.49,https://earthquake.usgs.gov/earthquakes/eventpage/av93029929
869,"M -0.5 - 66 km WNW of Beluga, Alaska","66 km WNW of Beluga, Alaska",-0.5,https://earthquake.usgs.gov/earthquakes/eventpage/av93445946
1740,"M -0.5 - 66 km WNW of Beluga, Alaska","66 km WNW of Beluga, Alaska",-0.5,https://earthquake.usgs.gov/earthquakes/eventpage/av93442021
1736,"M -0.5 - 65 km WNW of Tyonek, Alaska","65 km WNW of Tyonek, Alaska",-0.5,https://earthquake.usgs.gov/earthquakes/eventpage/av93442051
757,"M -0.5 - 41 km WNW of Indian Springs, Nevada","41 km WNW of Indian Springs, Nevada",-0.5,https://earthquake.usgs.gov/earthquakes/eventpage/nn00891474
1623,"M -0.5 - 84 km NNW of Karluk, Alaska","84 km NNW of Karluk, Alaska",-0.5,https://earthquake.usgs.gov/earthquakes/eventpage/av93029914
493,"M -0.5 - 20 km E of Finley Point, Montana","20 km E of Finley Point, Montana",-0.51,https://earthquake.usgs.gov/earthquakes/eventpage/mb90070358
1309,"M -0.5 - 71 km WNW of Beluga, Alaska","71 km WNW of Beluga, Alaska",-0.51,https://earthquake.usgs.gov/earthquakes/eventpage/av93444161
1665,"M -0.5 - 66 km WNW of Beluga, Alaska","66 km WNW of Beluga, Alaska",-0.51,https://earthquake.usgs.gov/earthquakes/eventpage/av93442406
1062,"M -0.5 - 65 km WNW of Beluga, Alaska","65 km WNW of Beluga, Alaska",-0.51,https://earthquake.usgs.gov/earthquakes/eventpage/av93445206
1465,"M -0.5 - 67 km WNW of Beluga, Alaska","67 km WNW of Beluga, Alaska",-0.51,https://earthquake.usgs.gov/earthquakes/eventpage/av93443416
458,"M -0.5 - 63 km WNW of Beluga, Alaska","63 km WNW of Beluga, Alaska",-0.51,https://earthquake.usgs.gov/earthquakes/eventpage/av93447481
623,"M -0.5 - 68 km WNW of Beluga, Alaska","68 km WNW of Beluga, Alaska",-0.52,https://earthquake.usgs.gov/earthquakes/eventpage/av93446921
1748,"M -0.5 - 67 km WNW of Beluga, Alaska","67 km WNW of Beluga, Alaska",-0.52,https://earthquake.usgs.gov/earthquakes/eventpage/av93441981
534,"M -0.5 - 83 km NW of Karluk, Alaska","83 km NW of Karluk, Alaska",-0.53,https://earthquake.usgs.gov/earthquakes/eventpage/av93447191
1357,"M -0.5 - 63 km ENE of Pedro Bay, Alaska","63 km ENE of Pedro Bay, Alaska",-0.53,https://earthquake.usgs.gov/earthquakes/eventpage/av93443906
494,"M -0.5 - 79 km NW of Ninilchik, Alaska","79 km NW of Ninilchik, Alaska",-0.54,https://earthquake.usgs.gov/earthquakes/eventpage/av93447341
1050,"M -0.5 - 65 km WNW of Beluga, Alaska","65 km WNW of Beluga, Alaska",-0.54,https://earthquake.usgs.gov/earthquakes/eventpage/av93445261
849,"M -0.5 - 66 km WNW of Beluga, Alaska","66 km WNW of Beluga, Alaska",-0.54,https://earthquake.usgs.gov/earthquakes/eventpage/av93446011
905,"M -0.5 - 65 km WNW of Beluga, Alaska","65 km WNW of Beluga, Alaska",-0.54,https://earthquake.usgs.gov/earthquakes/eventpage/av93445841
484,"M -0.5 - 9 km W of Akutan, Alaska","9 km W of Akutan, Alaska",-0.54,https://earthquake.usgs.gov/earthquakes/eventpage/av93447366
1138,"M -0.6 - 63 km WNW of Tyonek, Alaska","63 km WNW of Tyonek, Alaska",-0.55,https://earthquake.usgs.gov/earthquakes/eventpage/av93444906
1538,"M -0.6 - 65 km WNW of Beluga, Alaska","65 km WNW of Beluga, Alaska",-0.57,https://earthquake.usgs.gov/earthquakes/eventpage/av93443061
1498,"M -0.6 - 66 km WNW of Beluga, Alaska","66 km WNW of Beluga, Alaska",-0.58,https://earthquake.usgs.gov/earthquakes/eventpage/av93443226
1543,"M -0.6 - 84 km NNW of Karluk, Alaska","84 km NNW of Karluk, Alaska",-0.6,https://earthquake.usgs.gov/earthquakes/eventpage/av93029919
1202,"M -0.6 - 63 km WNW of Tyonek, Alaska","63 km WNW of Tyonek, Alaska",-0.61,https://earthquake.usgs.gov/earthquakes/eventpage/av93444596
1095,"M -0.6 - 78 km W of Tyonek, Alaska","78 km W of Tyonek, Alaska",-0.62,https://earthquake.usgs.gov/earthquakes/eventpage/av93445051
1651,"M -0.6 - 85 km NNW of Karluk, Alaska","85 km NNW of Karluk, Alaska",-0.62,https://earthquake.usgs.gov/earthquakes/eventpage/av93442501
519,"M -0.6 - 77 km NW of Ninilchik, Alaska","77 km NW of Ninilchik, Alaska",-0.63,https://earthquake.usgs.gov/earthquakes/eventpage/av93447266
1427,"M -0.6 - 83 km W of Salamatof, Alaska","83 km W of Salamatof, Alaska",-0.64,https://earthquake.usgs.gov/earthquakes/eventpage/av93443626
1029,"M -0.7 - 63 km ENE of Pedro Bay, Alaska","63 km ENE of Pedro Bay, Alaska",-0.65,https://earthquake.usgs.gov/earthquakes/eventpage/av93445396
865,"M -0.7 - 67 km WNW of Beluga, Alaska","67 km WNW of Beluga, Alaska",-0.65,https://earthquake.usgs.gov/earthquakes/eventpage/av93445956
1395,"M -0.7 - 72 km W of Salamatof, Alaska","72 km W of Salamatof, Alaska",-0.66,https://earthquake.usgs.gov/earthquakes/eventpage/av93443736
1586,"M -0.7 - 67 km WNW of Tyonek, Alaska","67 km WNW of Tyonek, Alaska",-0.66,https://earthquake.usgs.gov/earthquakes/eventpage/av93442816
1251,"M -0.7 - 64 km WNW of Tyonek, Alaska","64 km WNW of Tyonek, Alaska",-0.66,https://earthquake.usgs.gov/earthquakes/eventpage/av93444391
1512,"M -0.7 - 63 km WNW of Tyonek, Alaska","63 km WNW of Tyonek, Alaska",-0.67,https://earthquake.usgs.gov/earthquakes/eventpage/av93443181
1539,"M -0.7 - 69 km WNW of Tyonek, Alaska","69 km WNW of Tyonek, Alaska",-0.67,https://earthquake.usgs.gov/earthquakes/eventpage/av93443056
421,"M -0.7 - 67 km WNW of Beluga, Alaska","67 km WNW of Beluga, Alaska",-0.68,https://earthquake.usgs.gov/earthquakes/eventpage/av93447696
399,"M -0.7 - 66 km WNW of Beluga, Alaska","66 km WNW of Beluga, Alaska",-0.68,https://earthquake.usgs.gov/earthquakes/eventpage/av93447801
509,"M -0.7 - 20 km E of Finley Point, Montana","20 km E of Finley Point, Montana",-0.69,https://earthquake.usgs.gov/earthquakes/eventpage/mb90070348
1370,"M -0.7 - 65 km WNW of Tyonek, Alaska","65 km WNW of Tyonek, Alaska",-0.69,https://earthquake.usgs.gov/earthquakes/eventpage/av93443846
989,"M -0.7 - 64 km WNW of Beluga, Alaska","64 km WNW of Beluga, Alaska",-0.69,https://earthquake.usgs.gov/earthquakes/eventpage/av93445536
850,"M -0.7 - 63 km WNW of Tyonek, Alaska","63 km WNW of Tyonek, Alaska",-0.7,https://earthquake.usgs.gov/earthquakes/eventpage/av93446006
1743,"M -0.7 - 66 km WNW of Tyonek, Alaska","66 km WNW of Tyonek, Alaska",-0.71,https://earthquake.usgs.gov/earthquakes/eventpage/av93029874
1592,"M -0.7 - 64 km WNW of Tyonek, Alaska","64 km WNW of Tyonek, Alaska",-0.71,https://earthquake.usgs.gov/earthquakes/eventpage/av93442781
1646,"M -0.7 - 63 km WNW of Tyonek, Alaska","63 km WNW of Tyonek, Alaska",-0.72,https://earthquake.usgs.gov/earthquakes/eventpage/av93442541
1611,"M -0.7 - 86 km NNW of Karluk, Alaska","86 km NNW of Karluk, Alaska",-0.73,https://earthquake.usgs.gov/earthquakes/eventpage/av93442676
1745,"M -0.7 - 65 km ENE of Pedro Bay, Alaska","65 km ENE of Pedro Bay, Alaska",-0.73,https://earthquake.usgs.gov/earthquakes/eventpage/av93442001
1193,"M -0.7 - 63 km WNW of Tyonek, Alaska","63 km WNW of Tyonek, Alaska",-0.74,https://earthquake.usgs.gov/earthquakes/eventpage/av93444661
764,"M -0.8 - 63 km WNW of Tyonek, Alaska","63 km WNW of Tyonek, Alaska",-0.75,https://earthquake.usgs.gov/earthquakes/eventpage/av93446351
1225,"M -0.8 - 65 km WNW of Tyonek, Alaska","65 km WNW of Tyonek, Alaska",-0.75,https://earthquake.usgs.gov/earthquakes/eventpage/av93444516
1041,"M -0.8 - 65 km WNW of Beluga, Alaska","65 km WNW of Beluga, Alaska",-0.77,https://earthquake.usgs.gov/earthquakes/eventpage/av93445321
1036,"M -0.8 - 62 km WNW of Beluga, Alaska","62 km WNW of Beluga, Alaska",-0.77,https://earthquake.usgs.gov/earthquakes/eventpage/av93445336
1685,"M -0.8 - 64 km WNW of Tyonek, Alaska","64 km WNW of Tyonek, Alaska",-0.77,https://earthquake.usgs.gov/earthquakes/eventpage/av93442286
1184,"M -0.8 - 62 km ENE of Pedro Bay, Alaska","62 km ENE of Pedro Bay, Alaska",-0.78,https://earthquake.usgs.gov/earthquakes/eventpage/av93444686
913,"M -0.8 - 63 km WNW of Tyonek, Alaska","63 km WNW of Tyonek, Alaska",-0.81,https://earthquake.usgs.gov/earthquakes/eventpage/av93445811
1442,"M -0.8 - 65 km WNW of Beluga, Alaska","65 km WNW of Beluga, Alaska",-0.81,https://earthquake.usgs.gov/earthquakes/eventpage/av93443541
507,"M -0.8 - 65 km WNW of Beluga, Alaska","65 km WNW of Beluga, Alaska",-0.83,https://earthquake.usgs.gov/earthquakes/eventpage/av93447301
1405,"M -0.8 - 64 km WNW of Tyonek, Alaska","64 km WNW of Tyonek, Alaska",-0.83,https://earthquake.usgs.gov/earthquakes/eventpage/av93443706
536,"M -0.8 - 66 km WNW of Tyonek, Alaska","66 km WNW of Tyonek, Alaska",-0.84,https://earthquake.usgs.gov/earthquakes/eventpage/av93447176
1522,"M -0.8 - 65 km WNW of Beluga, Alaska","65 km WNW of Beluga, Alaska",-0.84,https://earthquake.usgs.gov/earthquakes/eventpage/av93443121
885,"M -0.8 - 63 km WNW of Tyonek, Alaska","63 km WNW of Tyonek, Alaska",-0.84,https://earthquake.usgs.gov/earthquakes/eventpage/av93445891
876,"M -0.9 - 63 km WNW of Tyonek, Alaska","63 km WNW of Tyonek, Alaska",-0.85,https://earthquake.usgs.gov/earthquakes/eventpage/av93445926
1286,"M -0.9 - 64 km WNW of Tyonek, Alaska","64 km WNW of Tyonek, Alaska",-0.86,https://earthquake.usgs.gov/earthquakes/eventpage/av93444296
1559,"M -0.9 - 66 km WNW of Beluga, Alaska","66 km WNW of Beluga, Alaska",-0.92,https://earthquake.usgs.gov/earthquakes/eventpage/av93442961
1701,"M -1.0 - 64 km WNW of Tyonek, Alaska","64 km WNW of Tyonek, Alaska",-0.96,https://earthquake.usgs.gov/earthquakes/eventpage/av93442191
1004,"M -1.0 - 77 km NW of Ninilchik, Alaska","77 km NW of Ninilchik, Alaska",-0.98,https://earthquake.usgs.gov/earthquakes/eventpage/av93445476
1298,"M -1.1 - 78 km W of Salamatof, Alaska","78 km W of Salamatof, Alaska",-1.1,https://earthquake.usgs.gov/earthquakes/eventpage/av93444236
